captured_at,topic_id,poll_id,participant_count,result_visible,option_id,option,votes,percent,note
2026-07-14T10:11:31+08:00,493741132,10258668,3547,false,32843356,anna 刘耀文,,,未登录/未投票页面提示“投票后可查看结果”
2026-07-14T10:11:31+08:00,493741132,10258668,3547,false,32843357,Mimi 张泽禹,,,未登录/未投票页面提示“投票后可查看结果”
2026-07-14T10:11:31+08:00,493741132,10258668,3547,false,32843358,牙雾笑主 陈浚铭,,,未登录/未投票页面提示“投票后可查看结果”
2026-07-14T10:11:31+08:00,493741132,10258668,3547,false,32843359,杨梅饮 马嘉祺,,,未登录/未投票页面提示“投票后可查看结果”
2026-07-14T10:11:31+08:00,493741132,10258668,3547,false,32843360,章若楠 丁程鑫,,,未登录/未投票页面提示“投票后可查看结果”
2026-07-14T10:11:31+08:00,493741132,10258668,3547,false,32843361,Cd 冷却中贺峻霖,,,未登录/未投票页面提示“投票后可查看结果”
2026-07-14T10:11:31+08:00,493741132,10258668,3547,false,32843362,ahdkewn白敬亭,,,未登录/未投票页面提示“投票后可查看结果”
2026-07-14T10:11:31+08:00,493741132,10258668,3547,false,32843363,睡着了也困鞠婧祎,,,未登录/未投票页面提示“投票后可查看结果”
2026-07-14T10:11:31+08:00,493741132,10258668,3547,false,32843364,芝麻酱饼张极,,,未登录/未投票页面提示“投票后可查看结果”
2026-07-14T10:11:31+08:00,493741132,10258668,3547,false,32843365,香芹又青 李兰迪,,,未登录/未投票页面提示“投票后可查看结果”
2026-07-14T10:11:31+08:00,493741132,10258668,3547,false,32843366,卖掉裤衩来上网李煜东,,,未登录/未投票页面提示“投票后可查看结果”
2026-07-14T10:11:31+08:00,493741132,10258668,3547,false,32843367,FreiGeist成毅,,,未登录/未投票页面提示“投票后可查看结果”
2026-07-14T10:11:31+08:00,493741132,10258668,3547,false,32843368,甜酱吃一口左航,,,未登录/未投票页面提示“投票后可查看结果”
2026-07-14T10:11:31+08:00,493741132,10258668,3547,false,32843369,生打青椰肖战,,,未登录/未投票页面提示“投票后可查看结果”
2026-07-14T10:11:31+08:00,493741132,10258668,3547,false,32843370,狐狸小狗陈思罕,,,未登录/未投票页面提示“投票后可查看结果”
2026-07-14T10:11:31+08:00,493741132,10258668,3547,false,32843371,功夫豆浆左奇函,,,未登录/未投票页面提示“投票后可查看结果”
2026-07-14T10:11:31+08:00,493741132,10258668,3547,false,32843372,momo王源,,,未登录/未投票页面提示“投票后可查看结果”
2026-07-14T10:31:18+08:00,493741132,10258668,3559,true,32843356,anna 刘耀文,905,25,已登录/已投票后可查看结果
2026-07-14T10:31:18+08:00,493741132,10258668,3559,true,32843357,Mimi 张泽禹,195,5,已登录/已投票后可查看结果
2026-07-14T10:31:18+08:00,493741132,10258668,3559,true,32843358,牙雾笑主 陈浚铭,757,21,已登录/已投票后可查看结果
2026-07-14T10:31:18+08:00,493741132,10258668,3559,true,32843359,杨梅饮 马嘉祺,773,22,已登录/已投票后可查看结果
2026-07-14T10:31:18+08:00,493741132,10258668,3559,true,32843360,章若楠 丁程鑫,712,20,已登录/已投票后可查看结果
2026-07-14T10:31:18+08:00,493741132,10258668,3559,true,32843361,Cd 冷却中贺峻霖,279,8,已登录/已投票后可查看结果
2026-07-14T10:31:18+08:00,493741132,10258668,3559,true,32843362,ahdkewn白敬亭,841,24,已登录/已投票后可查看结果
2026-07-14T10:31:18+08:00,493741132,10258668,3559,true,32843363,睡着了也困鞠婧祎,667,19,已登录/已投票后可查看结果
2026-07-14T10:31:18+08:00,493741132,10258668,3559,true,32843364,芝麻酱饼张极,209,6,已登录/已投票后可查看结果
2026-07-14T10:31:18+08:00,493741132,10258668,3559,true,32843365,香芹又青 李兰迪,483,14,已登录/已投票后可查看结果
2026-07-14T10:31:18+08:00,493741132,10258668,3559,true,32843366,卖掉裤衩来上网李煜东,253,7,已登录/已投票后可查看结果
2026-07-14T10:31:18+08:00,493741132,10258668,3559,true,32843367,FreiGeist成毅,253,7,已登录/已投票后可查看结果
2026-07-14T10:31:18+08:00,493741132,10258668,3559,true,32843368,甜酱吃一口左航,280,8,已登录/已投票后可查看结果
2026-07-14T10:31:18+08:00,493741132,10258668,3559,true,32843369,生打青椰肖战,331,9,已登录/已投票后可查看结果
2026-07-14T10:31:18+08:00,493741132,10258668,3559,true,32843370,狐狸小狗陈思罕,821,23,已登录/已投票后可查看结果
2026-07-14T10:31:18+08:00,493741132,10258668,3559,true,32843371,功夫豆浆左奇函,378,11,已登录/已投票后可查看结果
2026-07-14T10:31:18+08:00,493741132,10258668,3559,true,32843372,momo王源,567,16,已登录/已投票后可查看结果
2026-07-14T10:42:28+08:00,493741132,10258668,3561,true,32843356,anna 刘耀文,905,25,已登录/已投票后可查看结果
2026-07-14T10:42:28+08:00,493741132,10258668,3561,true,32843357,Mimi 张泽禹,195,5,已登录/已投票后可查看结果
2026-07-14T10:42:28+08:00,493741132,10258668,3561,true,32843358,牙雾笑主 陈浚铭,757,21,已登录/已投票后可查看结果
2026-07-14T10:42:28+08:00,493741132,10258668,3561,true,32843359,杨梅饮 马嘉祺,773,22,已登录/已投票后可查看结果
2026-07-14T10:42:28+08:00,493741132,10258668,3561,true,32843360,章若楠 丁程鑫,712,20,已登录/已投票后可查看结果
2026-07-14T10:42:28+08:00,493741132,10258668,3561,true,32843361,Cd 冷却中贺峻霖,279,8,已登录/已投票后可查看结果
2026-07-14T10:42:28+08:00,493741132,10258668,3561,true,32843362,ahdkewn白敬亭,842,24,已登录/已投票后可查看结果
2026-07-14T10:42:28+08:00,493741132,10258668,3561,true,32843363,睡着了也困鞠婧祎,669,19,已登录/已投票后可查看结果
2026-07-14T10:42:28+08:00,493741132,10258668,3561,true,32843364,芝麻酱饼张极,209,6,已登录/已投票后可查看结果
2026-07-14T10:42:28+08:00,493741132,10258668,3561,true,32843365,香芹又青 李兰迪,484,14,已登录/已投票后可查看结果
2026-07-14T10:42:28+08:00,493741132,10258668,3561,true,32843366,卖掉裤衩来上网李煜东,253,7,已登录/已投票后可查看结果
2026-07-14T10:42:28+08:00,493741132,10258668,3561,true,32843367,FreiGeist成毅,253,7,已登录/已投票后可查看结果
2026-07-14T10:42:28+08:00,493741132,10258668,3561,true,32843368,甜酱吃一口左航,280,8,已登录/已投票后可查看结果
2026-07-14T10:42:28+08:00,493741132,10258668,3561,true,32843369,生打青椰肖战,331,9,已登录/已投票后可查看结果
2026-07-14T10:42:28+08:00,493741132,10258668,3561,true,32843370,狐狸小狗陈思罕,821,23,已登录/已投票后可查看结果
2026-07-14T10:42:28+08:00,493741132,10258668,3561,true,32843371,功夫豆浆左奇函,378,11,已登录/已投票后可查看结果
2026-07-14T10:42:28+08:00,493741132,10258668,3561,true,32843372,momo王源,568,16,已登录/已投票后可查看结果
2026-07-14T11:12:28+08:00,493741132,10258668,3584,true,32843356,anna 刘耀文,908,25,已登录/已投票后可查看结果
2026-07-14T11:12:28+08:00,493741132,10258668,3584,true,32843357,Mimi 张泽禹,196,5,已登录/已投票后可查看结果
2026-07-14T11:12:28+08:00,493741132,10258668,3584,true,32843358,牙雾笑主 陈浚铭,761,21,已登录/已投票后可查看结果
2026-07-14T11:12:28+08:00,493741132,10258668,3584,true,32843359,杨梅饮 马嘉祺,774,22,已登录/已投票后可查看结果
2026-07-14T11:12:28+08:00,493741132,10258668,3584,true,32843360,章若楠 丁程鑫,716,20,已登录/已投票后可查看结果
2026-07-14T11:12:28+08:00,493741132,10258668,3584,true,32843361,Cd 冷却中贺峻霖,280,8,已登录/已投票后可查看结果
2026-07-14T11:12:28+08:00,493741132,10258668,3584,true,32843362,ahdkewn白敬亭,846,24,已登录/已投票后可查看结果
2026-07-14T11:12:28+08:00,493741132,10258668,3584,true,32843363,睡着了也困鞠婧祎,680,19,已登录/已投票后可查看结果
2026-07-14T11:12:28+08:00,493741132,10258668,3584,true,32843364,芝麻酱饼张极,209,6,已登录/已投票后可查看结果
2026-07-14T11:12:28+08:00,493741132,10258668,3584,true,32843365,香芹又青 李兰迪,489,14,已登录/已投票后可查看结果
2026-07-14T11:12:28+08:00,493741132,10258668,3584,true,32843366,卖掉裤衩来上网李煜东,254,7,已登录/已投票后可查看结果
2026-07-14T11:12:28+08:00,493741132,10258668,3584,true,32843367,FreiGeist成毅,254,7,已登录/已投票后可查看结果
2026-07-14T11:12:28+08:00,493741132,10258668,3584,true,32843368,甜酱吃一口左航,281,8,已登录/已投票后可查看结果
2026-07-14T11:12:28+08:00,493741132,10258668,3584,true,32843369,生打青椰肖战,334,9,已登录/已投票后可查看结果
2026-07-14T11:12:28+08:00,493741132,10258668,3584,true,32843370,狐狸小狗陈思罕,826,23,已登录/已投票后可查看结果
2026-07-14T11:12:28+08:00,493741132,10258668,3584,true,32843371,功夫豆浆左奇函,383,11,已登录/已投票后可查看结果
2026-07-14T11:12:28+08:00,493741132,10258668,3584,true,32843372,momo王源,574,16,已登录/已投票后可查看结果
2026-07-14T11:15:04+08:00,493741132,10258668,3586,true,32843356,anna 刘耀文,908,25,已登录/已投票后可查看结果
2026-07-14T11:15:04+08:00,493741132,10258668,3586,true,32843357,Mimi 张泽禹,196,5,已登录/已投票后可查看结果
2026-07-14T11:15:04+08:00,493741132,10258668,3586,true,32843358,牙雾笑主 陈浚铭,762,21,已登录/已投票后可查看结果
2026-07-14T11:15:04+08:00,493741132,10258668,3586,true,32843359,杨梅饮 马嘉祺,774,22,已登录/已投票后可查看结果
2026-07-14T11:15:04+08:00,493741132,10258668,3586,true,32843360,章若楠 丁程鑫,716,20,已登录/已投票后可查看结果
2026-07-14T11:15:04+08:00,493741132,10258668,3586,true,32843361,Cd 冷却中贺峻霖,280,8,已登录/已投票后可查看结果
2026-07-14T11:15:04+08:00,493741132,10258668,3586,true,32843362,ahdkewn白敬亭,846,24,已登录/已投票后可查看结果
2026-07-14T11:15:04+08:00,493741132,10258668,3586,true,32843363,睡着了也困鞠婧祎,681,19,已登录/已投票后可查看结果
2026-07-14T11:15:04+08:00,493741132,10258668,3586,true,32843364,芝麻酱饼张极,209,6,已登录/已投票后可查看结果
2026-07-14T11:15:04+08:00,493741132,10258668,3586,true,32843365,香芹又青 李兰迪,489,14,已登录/已投票后可查看结果
2026-07-14T11:15:04+08:00,493741132,10258668,3586,true,32843366,卖掉裤衩来上网李煜东,254,7,已登录/已投票后可查看结果
2026-07-14T11:15:04+08:00,493741132,10258668,3586,true,32843367,FreiGeist成毅,254,7,已登录/已投票后可查看结果
2026-07-14T11:15:04+08:00,493741132,10258668,3586,true,32843368,甜酱吃一口左航,281,8,已登录/已投票后可查看结果
2026-07-14T11:15:04+08:00,493741132,10258668,3586,true,32843369,生打青椰肖战,334,9,已登录/已投票后可查看结果
2026-07-14T11:15:04+08:00,493741132,10258668,3586,true,32843370,狐狸小狗陈思罕,826,23,已登录/已投票后可查看结果
2026-07-14T11:15:04+08:00,493741132,10258668,3586,true,32843371,功夫豆浆左奇函,383,11,已登录/已投票后可查看结果
2026-07-14T11:15:04+08:00,493741132,10258668,3586,true,32843372,momo王源,574,16,已登录/已投票后可查看结果
2026-07-14T11:18:40+08:00,493741132,10258668,3591,true,32843356,anna 刘耀文,909,25,已登录/已投票后可查看结果
2026-07-14T11:18:40+08:00,493741132,10258668,3591,true,32843357,Mimi 张泽禹,196,5,已登录/已投票后可查看结果
2026-07-14T11:18:40+08:00,493741132,10258668,3591,true,32843358,牙雾笑主 陈浚铭,763,21,已登录/已投票后可查看结果
2026-07-14T11:18:40+08:00,493741132,10258668,3591,true,32843359,杨梅饮 马嘉祺,776,22,已登录/已投票后可查看结果
2026-07-14T11:18:40+08:00,493741132,10258668,3591,true,32843360,章若楠 丁程鑫,717,20,已登录/已投票后可查看结果
2026-07-14T11:18:40+08:00,493741132,10258668,3591,true,32843361,Cd 冷却中贺峻霖,280,8,已登录/已投票后可查看结果
2026-07-14T11:18:40+08:00,493741132,10258668,3591,true,32843362,ahdkewn白敬亭,848,24,已登录/已投票后可查看结果
2026-07-14T11:18:40+08:00,493741132,10258668,3591,true,32843363,睡着了也困鞠婧祎,683,19,已登录/已投票后可查看结果
2026-07-14T11:18:40+08:00,493741132,10258668,3591,true,32843364,芝麻酱饼张极,209,6,已登录/已投票后可查看结果
2026-07-14T11:18:40+08:00,493741132,10258668,3591,true,32843365,香芹又青 李兰迪,490,14,已登录/已投票后可查看结果
2026-07-14T11:18:40+08:00,493741132,10258668,3591,true,32843366,卖掉裤衩来上网李煜东,254,7,已登录/已投票后可查看结果
2026-07-14T11:18:40+08:00,493741132,10258668,3591,true,32843367,FreiGeist成毅,255,7,已登录/已投票后可查看结果
2026-07-14T11:18:40+08:00,493741132,10258668,3591,true,32843368,甜酱吃一口左航,281,8,已登录/已投票后可查看结果
2026-07-14T11:18:40+08:00,493741132,10258668,3591,true,32843369,生打青椰肖战,335,9,已登录/已投票后可查看结果
2026-07-14T11:18:40+08:00,493741132,10258668,3591,true,32843370,狐狸小狗陈思罕,827,23,已登录/已投票后可查看结果
2026-07-14T11:18:40+08:00,493741132,10258668,3591,true,32843371,功夫豆浆左奇函,383,11,已登录/已投票后可查看结果
2026-07-14T11:18:40+08:00,493741132,10258668,3591,true,32843372,momo王源,576,16,已登录/已投票后可查看结果
2026-07-14T11:42:34+08:00,493741132,10258668,3606,true,32843356,anna 刘耀文,910,25,已登录/已投票后可查看结果
2026-07-14T11:42:34+08:00,493741132,10258668,3606,true,32843357,Mimi 张泽禹,197,5,已登录/已投票后可查看结果
2026-07-14T11:42:34+08:00,493741132,10258668,3606,true,32843358,牙雾笑主 陈浚铭,764,21,已登录/已投票后可查看结果
2026-07-14T11:42:34+08:00,493741132,10258668,3606,true,32843359,杨梅饮 马嘉祺,776,22,已登录/已投票后可查看结果
2026-07-14T11:42:34+08:00,493741132,10258668,3606,true,32843360,章若楠 丁程鑫,719,20,已登录/已投票后可查看结果
2026-07-14T11:42:34+08:00,493741132,10258668,3606,true,32843361,Cd 冷却中贺峻霖,281,8,已登录/已投票后可查看结果
2026-07-14T11:42:34+08:00,493741132,10258668,3606,true,32843362,ahdkewn白敬亭,850,24,已登录/已投票后可查看结果
2026-07-14T11:42:34+08:00,493741132,10258668,3606,true,32843363,睡着了也困鞠婧祎,688,19,已登录/已投票后可查看结果
2026-07-14T11:42:34+08:00,493741132,10258668,3606,true,32843364,芝麻酱饼张极,210,6,已登录/已投票后可查看结果
2026-07-14T11:42:34+08:00,493741132,10258668,3606,true,32843365,香芹又青 李兰迪,494,14,已登录/已投票后可查看结果
2026-07-14T11:42:34+08:00,493741132,10258668,3606,true,32843366,卖掉裤衩来上网李煜东,256,7,已登录/已投票后可查看结果
2026-07-14T11:42:34+08:00,493741132,10258668,3606,true,32843367,FreiGeist成毅,258,7,已登录/已投票后可查看结果
2026-07-14T11:42:34+08:00,493741132,10258668,3606,true,32843368,甜酱吃一口左航,281,8,已登录/已投票后可查看结果
2026-07-14T11:42:34+08:00,493741132,10258668,3606,true,32843369,生打青椰肖战,337,9,已登录/已投票后可查看结果
2026-07-14T11:42:34+08:00,493741132,10258668,3606,true,32843370,狐狸小狗陈思罕,831,23,已登录/已投票后可查看结果
2026-07-14T11:42:34+08:00,493741132,10258668,3606,true,32843371,功夫豆浆左奇函,386,11,已登录/已投票后可查看结果
2026-07-14T11:42:34+08:00,493741132,10258668,3606,true,32843372,momo王源,577,16,已登录/已投票后可查看结果
2026-07-14T14:56:20+08:00,493741132,10258668,4096,true,anna 刘耀文,anna 刘耀文,939,23.0,GitHub Actions 自动抓取，已见票数
2026-07-14T14:56:20+08:00,493741132,10258668,4096,true,Mimi 张泽禹,Mimi 张泽禹,205,5.0,GitHub Actions 自动抓取，已见票数
2026-07-14T14:56:20+08:00,493741132,10258668,4096,true,牙雾笑主 陈浚铭,牙雾笑主 陈浚铭,1001,24.0,GitHub Actions 自动抓取，已见票数
2026-07-14T14:56:20+08:00,493741132,10258668,4096,true,杨梅饮 马嘉祺,杨梅饮 马嘉祺,796,19.0,GitHub Actions 自动抓取，已见票数
2026-07-14T14:56:20+08:00,493741132,10258668,4096,true,章若楠 丁程鑫,章若楠 丁程鑫,755,18.0,GitHub Actions 自动抓取，已见票数
2026-07-14T14:56:20+08:00,493741132,10258668,4096,true,Cd 冷却中贺峻霖,Cd 冷却中贺峻霖,415,10.0,GitHub Actions 自动抓取，已见票数
2026-07-14T14:56:20+08:00,493741132,10258668,4096,true,ahdkewn白敬亭,ahdkewn白敬亭,1085,26.0,GitHub Actions 自动抓取，已见票数
2026-07-14T14:56:20+08:00,493741132,10258668,4096,true,睡着了也困鞠婧祎,睡着了也困鞠婧祎,740,18.0,GitHub Actions 自动抓取，已见票数
2026-07-14T14:56:20+08:00,493741132,10258668,4096,true,芝麻酱饼张极,芝麻酱饼张极,436,11.0,GitHub Actions 自动抓取，已见票数
2026-07-14T14:56:20+08:00,493741132,10258668,4096,true,香芹又青 李兰迪,香芹又青 李兰迪,526,13.0,GitHub Actions 自动抓取，已见票数
2026-07-14T14:56:20+08:00,493741132,10258668,4096,true,卖掉裤衩来上网李煜东,卖掉裤衩来上网李煜东,485,12.0,GitHub Actions 自动抓取，已见票数
2026-07-14T14:56:20+08:00,493741132,10258668,4096,true,FreiGeist成毅,FreiGeist成毅,276,7.0,GitHub Actions 自动抓取，已见票数
2026-07-14T14:56:20+08:00,493741132,10258668,4096,true,甜酱吃一口左航,甜酱吃一口左航,299,7.0,GitHub Actions 自动抓取，已见票数
2026-07-14T14:56:20+08:00,493741132,10258668,4096,true,生打青椰肖战,生打青椰肖战,361,9.0,GitHub Actions 自动抓取，已见票数
2026-07-14T14:56:20+08:00,493741132,10258668,4096,true,狐狸小狗陈思罕,狐狸小狗陈思罕,1068,26.0,GitHub Actions 自动抓取，已见票数
2026-07-14T14:56:20+08:00,493741132,10258668,4096,true,功夫豆浆左奇函,功夫豆浆左奇函,400,10.0,GitHub Actions 自动抓取，已见票数
2026-07-14T14:56:20+08:00,493741132,10258668,4096,true,momo王源,momo王源,610,15.0,GitHub Actions 自动抓取，已见票数
2026-07-14T16:08:52+08:00,493741132,10258668,4231,true,anna 刘耀文,anna 刘耀文,965,23.0,GitHub Actions 自动抓取，已见票数
2026-07-14T16:08:52+08:00,493741132,10258668,4231,true,Mimi 张泽禹,Mimi 张泽禹,212,5.0,GitHub Actions 自动抓取，已见票数
2026-07-14T16:08:52+08:00,493741132,10258668,4231,true,牙雾笑主 陈浚铭,牙雾笑主 陈浚铭,1063,25.0,GitHub Actions 自动抓取，已见票数
2026-07-14T16:08:52+08:00,493741132,10258668,4231,true,杨梅饮 马嘉祺,杨梅饮 马嘉祺,808,19.0,GitHub Actions 自动抓取，已见票数
2026-07-14T16:08:52+08:00,493741132,10258668,4231,true,章若楠 丁程鑫,章若楠 丁程鑫,762,18.0,GitHub Actions 自动抓取，已见票数
2026-07-14T16:08:52+08:00,493741132,10258668,4231,true,Cd 冷却中贺峻霖,Cd 冷却中贺峻霖,433,10.0,GitHub Actions 自动抓取，已见票数
2026-07-14T16:08:52+08:00,493741132,10258668,4231,true,ahdkewn白敬亭,ahdkewn白敬亭,1151,27.0,GitHub Actions 自动抓取，已见票数
2026-07-14T16:08:52+08:00,493741132,10258668,4231,true,睡着了也困鞠婧祎,睡着了也困鞠婧祎,756,18.0,GitHub Actions 自动抓取，已见票数
2026-07-14T16:08:52+08:00,493741132,10258668,4231,true,芝麻酱饼张极,芝麻酱饼张极,484,11.0,GitHub Actions 自动抓取，已见票数
2026-07-14T16:08:52+08:00,493741132,10258668,4231,true,香芹又青 李兰迪,香芹又青 李兰迪,537,13.0,GitHub Actions 自动抓取，已见票数
2026-07-14T16:08:52+08:00,493741132,10258668,4231,true,卖掉裤衩来上网李煜东,卖掉裤衩来上网李煜东,536,13.0,GitHub Actions 自动抓取，已见票数
2026-07-14T16:08:52+08:00,493741132,10258668,4231,true,FreiGeist成毅,FreiGeist成毅,281,7.0,GitHub Actions 自动抓取，已见票数
2026-07-14T16:08:52+08:00,493741132,10258668,4231,true,甜酱吃一口左航,甜酱吃一口左航,303,7.0,GitHub Actions 自动抓取，已见票数
2026-07-14T16:08:52+08:00,493741132,10258668,4231,true,生打青椰肖战,生打青椰肖战,366,9.0,GitHub Actions 自动抓取，已见票数
2026-07-14T16:08:52+08:00,493741132,10258668,4231,true,狐狸小狗陈思罕,狐狸小狗陈思罕,1129,27.0,GitHub Actions 自动抓取，已见票数
2026-07-14T16:08:52+08:00,493741132,10258668,4231,true,功夫豆浆左奇函,功夫豆浆左奇函,415,10.0,GitHub Actions 自动抓取，已见票数
2026-07-14T16:08:52+08:00,493741132,10258668,4231,true,momo王源,momo王源,618,15.0,GitHub Actions 自动抓取，已见票数
2026-07-14T16:32:38+08:00,493741132,10258668,4268,true,anna 刘耀文,anna 刘耀文,972,23.0,GitHub Actions 自动抓取，已见票数
2026-07-14T16:32:38+08:00,493741132,10258668,4268,true,Mimi 张泽禹,Mimi 张泽禹,215,5.0,GitHub Actions 自动抓取，已见票数
2026-07-14T16:32:38+08:00,493741132,10258668,4268,true,牙雾笑主 陈浚铭,牙雾笑主 陈浚铭,1086,25.0,GitHub Actions 自动抓取，已见票数
2026-07-14T16:32:38+08:00,493741132,10258668,4268,true,杨梅饮 马嘉祺,杨梅饮 马嘉祺,813,19.0,GitHub Actions 自动抓取，已见票数
2026-07-14T16:32:38+08:00,493741132,10258668,4268,true,章若楠 丁程鑫,章若楠 丁程鑫,769,18.0,GitHub Actions 自动抓取，已见票数
2026-07-14T16:32:38+08:00,493741132,10258668,4268,true,Cd 冷却中贺峻霖,Cd 冷却中贺峻霖,438,10.0,GitHub Actions 自动抓取，已见票数
2026-07-14T16:32:38+08:00,493741132,10258668,4268,true,ahdkewn白敬亭,ahdkewn白敬亭,1160,27.0,GitHub Actions 自动抓取，已见票数
2026-07-14T16:32:38+08:00,493741132,10258668,4268,true,睡着了也困鞠婧祎,睡着了也困鞠婧祎,758,18.0,GitHub Actions 自动抓取，已见票数
2026-07-14T16:32:38+08:00,493741132,10258668,4268,true,芝麻酱饼张极,芝麻酱饼张极,496,12.0,GitHub Actions 自动抓取，已见票数
2026-07-14T16:32:38+08:00,493741132,10258668,4268,true,香芹又青 李兰迪,香芹又青 李兰迪,540,13.0,GitHub Actions 自动抓取，已见票数
2026-07-14T16:32:38+08:00,493741132,10258668,4268,true,卖掉裤衩来上网李煜东,卖掉裤衩来上网李煜东,544,13.0,GitHub Actions 自动抓取，已见票数
2026-07-14T16:32:38+08:00,493741132,10258668,4268,true,FreiGeist成毅,FreiGeist成毅,281,7.0,GitHub Actions 自动抓取，已见票数
2026-07-14T16:32:38+08:00,493741132,10258668,4268,true,甜酱吃一口左航,甜酱吃一口左航,305,7.0,GitHub Actions 自动抓取，已见票数
2026-07-14T16:32:38+08:00,493741132,10258668,4268,true,生打青椰肖战,生打青椰肖战,366,9.0,GitHub Actions 自动抓取，已见票数
2026-07-14T16:32:38+08:00,493741132,10258668,4268,true,狐狸小狗陈思罕,狐狸小狗陈思罕,1139,27.0,GitHub Actions 自动抓取，已见票数
2026-07-14T16:32:38+08:00,493741132,10258668,4268,true,功夫豆浆左奇函,功夫豆浆左奇函,417,10.0,GitHub Actions 自动抓取，已见票数
2026-07-14T16:32:38+08:00,493741132,10258668,4268,true,momo王源,momo王源,623,15.0,GitHub Actions 自动抓取，已见票数
2026-07-14T16:39:21+08:00,493741132,10258668,4325,true,anna 刘耀文,anna 刘耀文,1020,24.0,GitHub Actions 自动抓取，已见票数
2026-07-14T16:39:21+08:00,493741132,10258668,4325,true,Mimi 张泽禹,Mimi 张泽禹,216,5.0,GitHub Actions 自动抓取，已见票数
2026-07-14T16:39:21+08:00,493741132,10258668,4325,true,牙雾笑主 陈浚铭,牙雾笑主 陈浚铭,1135,26.0,GitHub Actions 自动抓取，已见票数
2026-07-14T16:39:21+08:00,493741132,10258668,4325,true,杨梅饮 马嘉祺,杨梅饮 马嘉祺,861,20.0,GitHub Actions 自动抓取，已见票数
2026-07-14T16:39:21+08:00,493741132,10258668,4325,true,章若楠 丁程鑫,章若楠 丁程鑫,815,19.0,GitHub Actions 自动抓取，已见票数
2026-07-14T16:39:21+08:00,493741132,10258668,4325,true,Cd 冷却中贺峻霖,Cd 冷却中贺峻霖,439,10.0,GitHub Actions 自动抓取，已见票数
2026-07-14T16:39:21+08:00,493741132,10258668,4325,true,ahdkewn白敬亭,ahdkewn白敬亭,1164,27.0,GitHub Actions 自动抓取，已见票数
2026-07-14T16:39:21+08:00,493741132,10258668,4325,true,睡着了也困鞠婧祎,睡着了也困鞠婧祎,759,18.0,GitHub Actions 自动抓取，已见票数
2026-07-14T16:39:21+08:00,493741132,10258668,4325,true,芝麻酱饼张极,芝麻酱饼张极,498,12.0,GitHub Actions 自动抓取，已见票数
2026-07-14T16:39:21+08:00,493741132,10258668,4325,true,香芹又青 李兰迪,香芹又青 李兰迪,541,13.0,GitHub Actions 自动抓取，已见票数
2026-07-14T16:39:21+08:00,493741132,10258668,4325,true,卖掉裤衩来上网李煜东,卖掉裤衩来上网李煜东,546,13.0,GitHub Actions 自动抓取，已见票数
2026-07-14T16:39:21+08:00,493741132,10258668,4325,true,FreiGeist成毅,FreiGeist成毅,281,6.0,GitHub Actions 自动抓取，已见票数
2026-07-14T16:39:21+08:00,493741132,10258668,4325,true,甜酱吃一口左航,甜酱吃一口左航,308,7.0,GitHub Actions 自动抓取，已见票数
2026-07-14T16:39:21+08:00,493741132,10258668,4325,true,生打青椰肖战,生打青椰肖战,368,9.0,GitHub Actions 自动抓取，已见票数
2026-07-14T16:39:21+08:00,493741132,10258668,4325,true,狐狸小狗陈思罕,狐狸小狗陈思罕,1143,26.0,GitHub Actions 自动抓取，已见票数
2026-07-14T16:39:21+08:00,493741132,10258668,4325,true,功夫豆浆左奇函,功夫豆浆左奇函,418,10.0,GitHub Actions 自动抓取，已见票数
2026-07-14T16:39:21+08:00,493741132,10258668,4325,true,momo王源,momo王源,625,14.0,GitHub Actions 自动抓取，已见票数
2026-07-14T16:41:51+08:00,493741132,10258668,4352,true,anna 刘耀文,anna 刘耀文,1046,24.0,GitHub Actions 自动抓取，已见票数
2026-07-14T16:41:51+08:00,493741132,10258668,4352,true,Mimi 张泽禹,Mimi 张泽禹,216,5.0,GitHub Actions 自动抓取，已见票数
2026-07-14T16:41:51+08:00,493741132,10258668,4352,true,牙雾笑主 陈浚铭,牙雾笑主 陈浚铭,1162,27.0,GitHub Actions 自动抓取，已见票数
2026-07-14T16:41:51+08:00,493741132,10258668,4352,true,杨梅饮 马嘉祺,杨梅饮 马嘉祺,886,20.0,GitHub Actions 自动抓取，已见票数
2026-07-14T16:41:51+08:00,493741132,10258668,4352,true,章若楠 丁程鑫,章若楠 丁程鑫,840,19.0,GitHub Actions 自动抓取，已见票数
2026-07-14T16:41:51+08:00,493741132,10258668,4352,true,Cd 冷却中贺峻霖,Cd 冷却中贺峻霖,440,10.0,GitHub Actions 自动抓取，已见票数
2026-07-14T16:41:51+08:00,493741132,10258668,4352,true,ahdkewn白敬亭,ahdkewn白敬亭,1165,27.0,GitHub Actions 自动抓取，已见票数
2026-07-14T16:41:51+08:00,493741132,10258668,4352,true,睡着了也困鞠婧祎,睡着了也困鞠婧祎,759,17.0,GitHub Actions 自动抓取，已见票数
2026-07-14T16:41:51+08:00,493741132,10258668,4352,true,芝麻酱饼张极,芝麻酱饼张极,499,11.0,GitHub Actions 自动抓取，已见票数
2026-07-14T16:41:51+08:00,493741132,10258668,4352,true,香芹又青 李兰迪,香芹又青 李兰迪,542,12.0,GitHub Actions 自动抓取，已见票数
2026-07-14T16:41:51+08:00,493741132,10258668,4352,true,卖掉裤衩来上网李煜东,卖掉裤衩来上网李煜东,547,13.0,GitHub Actions 自动抓取，已见票数
2026-07-14T16:41:51+08:00,493741132,10258668,4352,true,FreiGeist成毅,FreiGeist成毅,282,6.0,GitHub Actions 自动抓取，已见票数
2026-07-14T16:41:51+08:00,493741132,10258668,4352,true,甜酱吃一口左航,甜酱吃一口左航,308,7.0,GitHub Actions 自动抓取，已见票数
2026-07-14T16:41:51+08:00,493741132,10258668,4352,true,生打青椰肖战,生打青椰肖战,368,8.0,GitHub Actions 自动抓取，已见票数
2026-07-14T16:41:51+08:00,493741132,10258668,4352,true,狐狸小狗陈思罕,狐狸小狗陈思罕,1144,26.0,GitHub Actions 自动抓取，已见票数
2026-07-14T16:41:51+08:00,493741132,10258668,4352,true,功夫豆浆左奇函,功夫豆浆左奇函,418,10.0,GitHub Actions 自动抓取，已见票数
2026-07-14T16:41:51+08:00,493741132,10258668,4352,true,momo王源,momo王源,625,14.0,GitHub Actions 自动抓取，已见票数
2026-07-14T16:44:01+08:00,493741132,10258668,4368,true,anna 刘耀文,anna 刘耀文,1061,24.0,GitHub Actions 自动抓取，已见票数
2026-07-14T16:44:01+08:00,493741132,10258668,4368,true,Mimi 张泽禹,Mimi 张泽禹,216,5.0,GitHub Actions 自动抓取，已见票数
2026-07-14T16:44:01+08:00,493741132,10258668,4368,true,牙雾笑主 陈浚铭,牙雾笑主 陈浚铭,1178,27.0,GitHub Actions 自动抓取，已见票数
2026-07-14T16:44:01+08:00,493741132,10258668,4368,true,杨梅饮 马嘉祺,杨梅饮 马嘉祺,901,21.0,GitHub Actions 自动抓取，已见票数
2026-07-14T16:44:01+08:00,493741132,10258668,4368,true,章若楠 丁程鑫,章若楠 丁程鑫,855,20.0,GitHub Actions 自动抓取，已见票数
2026-07-14T16:44:01+08:00,493741132,10258668,4368,true,Cd 冷却中贺峻霖,Cd 冷却中贺峻霖,440,10.0,GitHub Actions 自动抓取，已见票数
2026-07-14T16:44:01+08:00,493741132,10258668,4368,true,ahdkewn白敬亭,ahdkewn白敬亭,1166,27.0,GitHub Actions 自动抓取，已见票数
2026-07-14T16:44:01+08:00,493741132,10258668,4368,true,睡着了也困鞠婧祎,睡着了也困鞠婧祎,759,17.0,GitHub Actions 自动抓取，已见票数
2026-07-14T16:44:01+08:00,493741132,10258668,4368,true,芝麻酱饼张极,芝麻酱饼张极,500,11.0,GitHub Actions 自动抓取，已见票数
2026-07-14T16:44:01+08:00,493741132,10258668,4368,true,香芹又青 李兰迪,香芹又青 李兰迪,542,12.0,GitHub Actions 自动抓取，已见票数
2026-07-14T16:44:01+08:00,493741132,10258668,4368,true,卖掉裤衩来上网李煜东,卖掉裤衩来上网李煜东,548,13.0,GitHub Actions 自动抓取，已见票数
2026-07-14T16:44:01+08:00,493741132,10258668,4368,true,FreiGeist成毅,FreiGeist成毅,282,6.0,GitHub Actions 自动抓取，已见票数
2026-07-14T16:44:01+08:00,493741132,10258668,4368,true,甜酱吃一口左航,甜酱吃一口左航,308,7.0,GitHub Actions 自动抓取，已见票数
2026-07-14T16:44:01+08:00,493741132,10258668,4368,true,生打青椰肖战,生打青椰肖战,368,8.0,GitHub Actions 自动抓取，已见票数
2026-07-14T16:44:01+08:00,493741132,10258668,4368,true,狐狸小狗陈思罕,狐狸小狗陈思罕,1145,26.0,GitHub Actions 自动抓取，已见票数
2026-07-14T16:44:01+08:00,493741132,10258668,4368,true,功夫豆浆左奇函,功夫豆浆左奇函,418,10.0,GitHub Actions 自动抓取，已见票数
2026-07-14T16:44:01+08:00,493741132,10258668,4368,true,momo王源,momo王源,625,14.0,GitHub Actions 自动抓取，已见票数
2026-07-14T16:54:08+08:00,493741132,10258668,4401,true,anna 刘耀文,anna 刘耀文,1089,25.0,GitHub Actions 自动抓取，已见票数
2026-07-14T16:54:08+08:00,493741132,10258668,4401,true,Mimi 张泽禹,Mimi 张泽禹,218,5.0,GitHub Actions 自动抓取，已见票数
2026-07-14T16:54:08+08:00,493741132,10258668,4401,true,牙雾笑主 陈浚铭,牙雾笑主 陈浚铭,1207,27.0,GitHub Actions 自动抓取，已见票数
2026-07-14T16:54:08+08:00,493741132,10258668,4401,true,杨梅饮 马嘉祺,杨梅饮 马嘉祺,928,21.0,GitHub Actions 自动抓取，已见票数
2026-07-14T16:54:08+08:00,493741132,10258668,4401,true,章若楠 丁程鑫,章若楠 丁程鑫,881,20.0,GitHub Actions 自动抓取，已见票数
2026-07-14T16:54:08+08:00,493741132,10258668,4401,true,Cd 冷却中贺峻霖,Cd 冷却中贺峻霖,442,10.0,GitHub Actions 自动抓取，已见票数
2026-07-14T16:54:08+08:00,493741132,10258668,4401,true,ahdkewn白敬亭,ahdkewn白敬亭,1167,27.0,GitHub Actions 自动抓取，已见票数
2026-07-14T16:54:08+08:00,493741132,10258668,4401,true,睡着了也困鞠婧祎,睡着了也困鞠婧祎,761,17.0,GitHub Actions 自动抓取，已见票数
2026-07-14T16:54:08+08:00,493741132,10258668,4401,true,芝麻酱饼张极,芝麻酱饼张极,501,11.0,GitHub Actions 自动抓取，已见票数
2026-07-14T16:54:08+08:00,493741132,10258668,4401,true,香芹又青 李兰迪,香芹又青 李兰迪,542,12.0,GitHub Actions 自动抓取，已见票数
2026-07-14T16:54:08+08:00,493741132,10258668,4401,true,卖掉裤衩来上网李煜东,卖掉裤衩来上网李煜东,549,12.0,GitHub Actions 自动抓取，已见票数
2026-07-14T16:54:08+08:00,493741132,10258668,4401,true,FreiGeist成毅,FreiGeist成毅,282,6.0,GitHub Actions 自动抓取，已见票数
2026-07-14T16:54:08+08:00,493741132,10258668,4401,true,甜酱吃一口左航,甜酱吃一口左航,308,7.0,GitHub Actions 自动抓取，已见票数
2026-07-14T16:54:08+08:00,493741132,10258668,4401,true,生打青椰肖战,生打青椰肖战,368,8.0,GitHub Actions 自动抓取，已见票数
2026-07-14T16:54:08+08:00,493741132,10258668,4401,true,狐狸小狗陈思罕,狐狸小狗陈思罕,1147,26.0,GitHub Actions 自动抓取，已见票数
2026-07-14T16:54:08+08:00,493741132,10258668,4401,true,功夫豆浆左奇函,功夫豆浆左奇函,420,10.0,GitHub Actions 自动抓取，已见票数
2026-07-14T16:54:08+08:00,493741132,10258668,4401,true,momo王源,momo王源,625,14.0,GitHub Actions 自动抓取，已见票数
2026-07-14T17:04:13+08:00,493741132,10258668,4438,true,anna 刘耀文,anna 刘耀文,1104,25.0,GitHub Actions 自动抓取，已见票数
2026-07-14T17:04:13+08:00,493741132,10258668,4438,true,Mimi 张泽禹,Mimi 张泽禹,220,5.0,GitHub Actions 自动抓取，已见票数
2026-07-14T17:04:13+08:00,493741132,10258668,4438,true,牙雾笑主 陈浚铭,牙雾笑主 陈浚铭,1236,28.0,GitHub Actions 自动抓取，已见票数
2026-07-14T17:04:13+08:00,493741132,10258668,4438,true,杨梅饮 马嘉祺,杨梅饮 马嘉祺,942,21.0,GitHub Actions 自动抓取，已见票数
2026-07-14T17:04:13+08:00,493741132,10258668,4438,true,章若楠 丁程鑫,章若楠 丁程鑫,895,20.0,GitHub Actions 自动抓取，已见票数
2026-07-14T17:04:13+08:00,493741132,10258668,4438,true,Cd 冷却中贺峻霖,Cd 冷却中贺峻霖,443,10.0,GitHub Actions 自动抓取，已见票数
2026-07-14T17:04:13+08:00,493741132,10258668,4438,true,ahdkewn白敬亭,ahdkewn白敬亭,1182,27.0,GitHub Actions 自动抓取，已见票数
2026-07-14T17:04:13+08:00,493741132,10258668,4438,true,睡着了也困鞠婧祎,睡着了也困鞠婧祎,764,17.0,GitHub Actions 自动抓取，已见票数
2026-07-14T17:04:13+08:00,493741132,10258668,4438,true,芝麻酱饼张极,芝麻酱饼张极,514,12.0,GitHub Actions 自动抓取，已见票数
2026-07-14T17:04:13+08:00,493741132,10258668,4438,true,香芹又青 李兰迪,香芹又青 李兰迪,545,12.0,GitHub Actions 自动抓取，已见票数
2026-07-14T17:04:13+08:00,493741132,10258668,4438,true,卖掉裤衩来上网李煜东,卖掉裤衩来上网李煜东,561,13.0,GitHub Actions 自动抓取，已见票数
2026-07-14T17:04:13+08:00,493741132,10258668,4438,true,FreiGeist成毅,FreiGeist成毅,284,6.0,GitHub Actions 自动抓取，已见票数
2026-07-14T17:04:13+08:00,493741132,10258668,4438,true,甜酱吃一口左航,甜酱吃一口左航,308,7.0,GitHub Actions 自动抓取，已见票数
2026-07-14T17:04:13+08:00,493741132,10258668,4438,true,生打青椰肖战,生打青椰肖战,370,8.0,GitHub Actions 自动抓取，已见票数
2026-07-14T17:04:13+08:00,493741132,10258668,4438,true,狐狸小狗陈思罕,狐狸小狗陈思罕,1163,26.0,GitHub Actions 自动抓取，已见票数
2026-07-14T17:04:13+08:00,493741132,10258668,4438,true,功夫豆浆左奇函,功夫豆浆左奇函,425,10.0,GitHub Actions 自动抓取，已见票数
2026-07-14T17:04:13+08:00,493741132,10258668,4438,true,momo王源,momo王源,626,14.0,GitHub Actions 自动抓取，已见票数
2026-07-14T17:13:59+08:00,493741132,10258668,4477,true,anna 刘耀文,anna 刘耀文,1127,25.0,GitHub Actions 自动抓取，已见票数
2026-07-14T17:13:59+08:00,493741132,10258668,4477,true,Mimi 张泽禹,Mimi 张泽禹,222,5.0,GitHub Actions 自动抓取，已见票数
2026-07-14T17:13:59+08:00,493741132,10258668,4477,true,牙雾笑主 陈浚铭,牙雾笑主 陈浚铭,1254,28.0,GitHub Actions 自动抓取，已见票数
2026-07-14T17:13:59+08:00,493741132,10258668,4477,true,杨梅饮 马嘉祺,杨梅饮 马嘉祺,952,21.0,GitHub Actions 自动抓取，已见票数
2026-07-14T17:13:59+08:00,493741132,10258668,4477,true,章若楠 丁程鑫,章若楠 丁程鑫,903,20.0,GitHub Actions 自动抓取，已见票数
2026-07-14T17:13:59+08:00,493741132,10258668,4477,true,Cd 冷却中贺峻霖,Cd 冷却中贺峻霖,458,10.0,GitHub Actions 自动抓取，已见票数
2026-07-14T17:13:59+08:00,493741132,10258668,4477,true,ahdkewn白敬亭,ahdkewn白敬亭,1202,27.0,GitHub Actions 自动抓取，已见票数
2026-07-14T17:13:59+08:00,493741132,10258668,4477,true,睡着了也困鞠婧祎,睡着了也困鞠婧祎,767,17.0,GitHub Actions 自动抓取，已见票数
2026-07-14T17:13:59+08:00,493741132,10258668,4477,true,芝麻酱饼张极,芝麻酱饼张极,518,12.0,GitHub Actions 自动抓取，已见票数
2026-07-14T17:13:59+08:00,493741132,10258668,4477,true,香芹又青 李兰迪,香芹又青 李兰迪,547,12.0,GitHub Actions 自动抓取，已见票数
2026-07-14T17:13:59+08:00,493741132,10258668,4477,true,卖掉裤衩来上网李煜东,卖掉裤衩来上网李煜东,564,13.0,GitHub Actions 自动抓取，已见票数
2026-07-14T17:13:59+08:00,493741132,10258668,4477,true,FreiGeist成毅,FreiGeist成毅,284,6.0,GitHub Actions 自动抓取，已见票数
2026-07-14T17:13:59+08:00,493741132,10258668,4477,true,甜酱吃一口左航,甜酱吃一口左航,309,7.0,GitHub Actions 自动抓取，已见票数
2026-07-14T17:13:59+08:00,493741132,10258668,4477,true,生打青椰肖战,生打青椰肖战,384,9.0,GitHub Actions 自动抓取，已见票数
2026-07-14T17:13:59+08:00,493741132,10258668,4477,true,狐狸小狗陈思罕,狐狸小狗陈思罕,1183,26.0,GitHub Actions 自动抓取，已见票数
2026-07-14T17:13:59+08:00,493741132,10258668,4477,true,功夫豆浆左奇函,功夫豆浆左奇函,428,10.0,GitHub Actions 自动抓取，已见票数
2026-07-14T17:13:59+08:00,493741132,10258668,4477,true,momo王源,momo王源,627,14.0,GitHub Actions 自动抓取，已见票数
2026-07-14T17:23:58+08:00,493741132,10258668,4542,true,anna 刘耀文,anna 刘耀文,1174,26.0,GitHub Actions 自动抓取，已见票数
2026-07-14T17:23:58+08:00,493741132,10258668,4542,true,Mimi 张泽禹,Mimi 张泽禹,224,5.0,GitHub Actions 自动抓取，已见票数
2026-07-14T17:23:58+08:00,493741132,10258668,4542,true,牙雾笑主 陈浚铭,牙雾笑主 陈浚铭,1277,28.0,GitHub Actions 自动抓取，已见票数
2026-07-14T17:23:58+08:00,493741132,10258668,4542,true,杨梅饮 马嘉祺,杨梅饮 马嘉祺,963,21.0,GitHub Actions 自动抓取，已见票数
2026-07-14T17:23:58+08:00,493741132,10258668,4542,true,章若楠 丁程鑫,章若楠 丁程鑫,915,20.0,GitHub Actions 自动抓取，已见票数
2026-07-14T17:23:58+08:00,493741132,10258668,4542,true,Cd 冷却中贺峻霖,Cd 冷却中贺峻霖,495,11.0,GitHub Actions 自动抓取，已见票数
2026-07-14T17:23:58+08:00,493741132,10258668,4542,true,ahdkewn白敬亭,ahdkewn白敬亭,1247,27.0,GitHub Actions 自动抓取，已见票数
2026-07-14T17:23:58+08:00,493741132,10258668,4542,true,睡着了也困鞠婧祎,睡着了也困鞠婧祎,770,17.0,GitHub Actions 自动抓取，已见票数
2026-07-14T17:23:58+08:00,493741132,10258668,4542,true,芝麻酱饼张极,芝麻酱饼张极,523,12.0,GitHub Actions 自动抓取，已见票数
2026-07-14T17:23:58+08:00,493741132,10258668,4542,true,香芹又青 李兰迪,香芹又青 李兰迪,549,12.0,GitHub Actions 自动抓取，已见票数
2026-07-14T17:23:58+08:00,493741132,10258668,4542,true,卖掉裤衩来上网李煜东,卖掉裤衩来上网李煜东,568,13.0,GitHub Actions 自动抓取，已见票数
2026-07-14T17:23:58+08:00,493741132,10258668,4542,true,FreiGeist成毅,FreiGeist成毅,284,6.0,GitHub Actions 自动抓取，已见票数
2026-07-14T17:23:58+08:00,493741132,10258668,4542,true,甜酱吃一口左航,甜酱吃一口左航,311,7.0,GitHub Actions 自动抓取，已见票数
2026-07-14T17:23:58+08:00,493741132,10258668,4542,true,生打青椰肖战,生打青椰肖战,421,9.0,GitHub Actions 自动抓取，已见票数
2026-07-14T17:23:58+08:00,493741132,10258668,4542,true,狐狸小狗陈思罕,狐狸小狗陈思罕,1227,27.0,GitHub Actions 自动抓取，已见票数
2026-07-14T17:23:58+08:00,493741132,10258668,4542,true,功夫豆浆左奇函,功夫豆浆左奇函,431,9.0,GitHub Actions 自动抓取，已见票数
2026-07-14T17:23:58+08:00,493741132,10258668,4542,true,momo王源,momo王源,629,14.0,GitHub Actions 自动抓取，已见票数
2026-07-14T17:34:18+08:00,493741132,10258668,4586,true,anna 刘耀文,anna 刘耀文,1195,26.0,GitHub Actions 自动抓取，已见票数
2026-07-14T17:34:18+08:00,493741132,10258668,4586,true,Mimi 张泽禹,Mimi 张泽禹,225,5.0,GitHub Actions 自动抓取，已见票数
2026-07-14T17:34:18+08:00,493741132,10258668,4586,true,牙雾笑主 陈浚铭,牙雾笑主 陈浚铭,1296,28.0,GitHub Actions 自动抓取，已见票数
2026-07-14T17:34:18+08:00,493741132,10258668,4586,true,杨梅饮 马嘉祺,杨梅饮 马嘉祺,971,21.0,GitHub Actions 自动抓取，已见票数
2026-07-14T17:34:18+08:00,493741132,10258668,4586,true,章若楠 丁程鑫,章若楠 丁程鑫,925,20.0,GitHub Actions 自动抓取，已见票数
2026-07-14T17:34:18+08:00,493741132,10258668,4586,true,Cd 冷却中贺峻霖,Cd 冷却中贺峻霖,512,11.0,GitHub Actions 自动抓取，已见票数
2026-07-14T17:34:18+08:00,493741132,10258668,4586,true,ahdkewn白敬亭,ahdkewn白敬亭,1269,28.0,GitHub Actions 自动抓取，已见票数
2026-07-14T17:34:18+08:00,493741132,10258668,4586,true,睡着了也困鞠婧祎,睡着了也困鞠婧祎,775,17.0,GitHub Actions 自动抓取，已见票数
2026-07-14T17:34:18+08:00,493741132,10258668,4586,true,芝麻酱饼张极,芝麻酱饼张极,530,12.0,GitHub Actions 自动抓取，已见票数
2026-07-14T17:34:18+08:00,493741132,10258668,4586,true,香芹又青 李兰迪,香芹又青 李兰迪,552,12.0,GitHub Actions 自动抓取，已见票数
2026-07-14T17:34:18+08:00,493741132,10258668,4586,true,卖掉裤衩来上网李煜东,卖掉裤衩来上网李煜东,575,13.0,GitHub Actions 自动抓取，已见票数
2026-07-14T17:34:18+08:00,493741132,10258668,4586,true,FreiGeist成毅,FreiGeist成毅,285,6.0,GitHub Actions 自动抓取，已见票数
2026-07-14T17:34:18+08:00,493741132,10258668,4586,true,甜酱吃一口左航,甜酱吃一口左航,312,7.0,GitHub Actions 自动抓取，已见票数
2026-07-14T17:34:18+08:00,493741132,10258668,4586,true,生打青椰肖战,生打青椰肖战,435,9.0,GitHub Actions 自动抓取，已见票数
2026-07-14T17:34:18+08:00,493741132,10258668,4586,true,狐狸小狗陈思罕,狐狸小狗陈思罕,1248,27.0,GitHub Actions 自动抓取，已见票数
2026-07-14T17:34:18+08:00,493741132,10258668,4586,true,功夫豆浆左奇函,功夫豆浆左奇函,433,9.0,GitHub Actions 自动抓取，已见票数
2026-07-14T17:34:18+08:00,493741132,10258668,4586,true,momo王源,momo王源,632,14.0,GitHub Actions 自动抓取，已见票数
2026-07-14T17:43:58+08:00,493741132,10258668,4610,true,anna 刘耀文,anna 刘耀文,1200,26.0,GitHub Actions 自动抓取，已见票数
2026-07-14T17:43:58+08:00,493741132,10258668,4610,true,Mimi 张泽禹,Mimi 张泽禹,226,5.0,GitHub Actions 自动抓取，已见票数
2026-07-14T17:43:58+08:00,493741132,10258668,4610,true,牙雾笑主 陈浚铭,牙雾笑主 陈浚铭,1305,28.0,GitHub Actions 自动抓取，已见票数
2026-07-14T17:43:58+08:00,493741132,10258668,4610,true,杨梅饮 马嘉祺,杨梅饮 马嘉祺,974,21.0,GitHub Actions 自动抓取，已见票数
2026-07-14T17:43:58+08:00,493741132,10258668,4610,true,章若楠 丁程鑫,章若楠 丁程鑫,926,20.0,GitHub Actions 自动抓取，已见票数
2026-07-14T17:43:58+08:00,493741132,10258668,4610,true,Cd 冷却中贺峻霖,Cd 冷却中贺峻霖,519,11.0,GitHub Actions 自动抓取，已见票数
2026-07-14T17:43:58+08:00,493741132,10258668,4610,true,ahdkewn白敬亭,ahdkewn白敬亭,1280,28.0,GitHub Actions 自动抓取，已见票数
2026-07-14T17:43:58+08:00,493741132,10258668,4610,true,睡着了也困鞠婧祎,睡着了也困鞠婧祎,779,17.0,GitHub Actions 自动抓取，已见票数
2026-07-14T17:43:58+08:00,493741132,10258668,4610,true,芝麻酱饼张极,芝麻酱饼张极,536,12.0,GitHub Actions 自动抓取，已见票数
2026-07-14T17:43:58+08:00,493741132,10258668,4610,true,香芹又青 李兰迪,香芹又青 李兰迪,553,12.0,GitHub Actions 自动抓取，已见票数
2026-07-14T17:43:58+08:00,493741132,10258668,4610,true,卖掉裤衩来上网李煜东,卖掉裤衩来上网李煜东,580,13.0,GitHub Actions 自动抓取，已见票数
2026-07-14T17:43:58+08:00,493741132,10258668,4610,true,FreiGeist成毅,FreiGeist成毅,286,6.0,GitHub Actions 自动抓取，已见票数
2026-07-14T17:43:58+08:00,493741132,10258668,4610,true,甜酱吃一口左航,甜酱吃一口左航,314,7.0,GitHub Actions 自动抓取，已见票数
2026-07-14T17:43:58+08:00,493741132,10258668,4610,true,生打青椰肖战,生打青椰肖战,441,10.0,GitHub Actions 自动抓取，已见票数
2026-07-14T17:43:58+08:00,493741132,10258668,4610,true,狐狸小狗陈思罕,狐狸小狗陈思罕,1258,27.0,GitHub Actions 自动抓取，已见票数
2026-07-14T17:43:58+08:00,493741132,10258668,4610,true,功夫豆浆左奇函,功夫豆浆左奇函,436,9.0,GitHub Actions 自动抓取，已见票数
2026-07-14T17:43:58+08:00,493741132,10258668,4610,true,momo王源,momo王源,632,14.0,GitHub Actions 自动抓取，已见票数
2026-07-14T17:53:59+08:00,493741132,10258668,4751,true,anna 刘耀文,anna 刘耀文,1320,28.0,GitHub Actions 自动抓取，已见票数
2026-07-14T17:53:59+08:00,493741132,10258668,4751,true,Mimi 张泽禹,Mimi 张泽禹,228,5.0,GitHub Actions 自动抓取，已见票数
2026-07-14T17:53:59+08:00,493741132,10258668,4751,true,牙雾笑主 陈浚铭,牙雾笑主 陈浚铭,1317,28.0,GitHub Actions 自动抓取，已见票数
2026-07-14T17:53:59+08:00,493741132,10258668,4751,true,杨梅饮 马嘉祺,杨梅饮 马嘉祺,1090,23.0,GitHub Actions 自动抓取，已见票数
2026-07-14T17:53:59+08:00,493741132,10258668,4751,true,章若楠 丁程鑫,章若楠 丁程鑫,929,20.0,GitHub Actions 自动抓取，已见票数
2026-07-14T17:53:59+08:00,493741132,10258668,4751,true,Cd 冷却中贺峻霖,Cd 冷却中贺峻霖,637,13.0,GitHub Actions 自动抓取，已见票数
2026-07-14T17:53:59+08:00,493741132,10258668,4751,true,ahdkewn白敬亭,ahdkewn白敬亭,1405,30.0,GitHub Actions 自动抓取，已见票数
2026-07-14T17:53:59+08:00,493741132,10258668,4751,true,睡着了也困鞠婧祎,睡着了也困鞠婧祎,783,16.0,GitHub Actions 自动抓取，已见票数
2026-07-14T17:53:59+08:00,493741132,10258668,4751,true,芝麻酱饼张极,芝麻酱饼张极,546,11.0,GitHub Actions 自动抓取，已见票数
2026-07-14T17:53:59+08:00,493741132,10258668,4751,true,香芹又青 李兰迪,香芹又青 李兰迪,554,12.0,GitHub Actions 自动抓取，已见票数
2026-07-14T17:53:59+08:00,493741132,10258668,4751,true,卖掉裤衩来上网李煜东,卖掉裤衩来上网李煜东,588,12.0,GitHub Actions 自动抓取，已见票数
2026-07-14T17:53:59+08:00,493741132,10258668,4751,true,FreiGeist成毅,FreiGeist成毅,287,6.0,GitHub Actions 自动抓取，已见票数
2026-07-14T17:53:59+08:00,493741132,10258668,4751,true,甜酱吃一口左航,甜酱吃一口左航,315,7.0,GitHub Actions 自动抓取，已见票数
2026-07-14T17:53:59+08:00,493741132,10258668,4751,true,生打青椰肖战,生打青椰肖战,447,9.0,GitHub Actions 自动抓取，已见票数
2026-07-14T17:53:59+08:00,493741132,10258668,4751,true,狐狸小狗陈思罕,狐狸小狗陈思罕,1384,29.0,GitHub Actions 自动抓取，已见票数
2026-07-14T17:53:59+08:00,493741132,10258668,4751,true,功夫豆浆左奇函,功夫豆浆左奇函,438,9.0,GitHub Actions 自动抓取，已见票数
2026-07-14T17:53:59+08:00,493741132,10258668,4751,true,momo王源,momo王源,634,13.0,GitHub Actions 自动抓取，已见票数
2026-07-14T18:14:02+08:00,493741132,10258668,4947,true,anna 刘耀文,anna 刘耀文,1476,30.0,GitHub Actions 自动抓取，已见票数
2026-07-14T18:14:02+08:00,493741132,10258668,4947,true,Mimi 张泽禹,Mimi 张泽禹,231,5.0,GitHub Actions 自动抓取，已见票数
2026-07-14T18:14:02+08:00,493741132,10258668,4947,true,牙雾笑主 陈浚铭,牙雾笑主 陈浚铭,1348,27.0,GitHub Actions 自动抓取，已见票数
2026-07-14T18:14:02+08:00,493741132,10258668,4947,true,杨梅饮 马嘉祺,杨梅饮 马嘉祺,1234,25.0,GitHub Actions 自动抓取，已见票数
2026-07-14T18:14:02+08:00,493741132,10258668,4947,true,章若楠 丁程鑫,章若楠 丁程鑫,954,19.0,GitHub Actions 自动抓取，已见票数
2026-07-14T18:14:02+08:00,493741132,10258668,4947,true,Cd 冷却中贺峻霖,Cd 冷却中贺峻霖,774,16.0,GitHub Actions 自动抓取，已见票数
2026-07-14T18:14:02+08:00,493741132,10258668,4947,true,ahdkewn白敬亭,ahdkewn白敬亭,1546,31.0,GitHub Actions 自动抓取，已见票数
2026-07-14T18:14:02+08:00,493741132,10258668,4947,true,睡着了也困鞠婧祎,睡着了也困鞠婧祎,795,16.0,GitHub Actions 自动抓取，已见票数
2026-07-14T18:14:02+08:00,493741132,10258668,4947,true,芝麻酱饼张极,芝麻酱饼张极,557,11.0,GitHub Actions 自动抓取，已见票数
2026-07-14T18:14:02+08:00,493741132,10258668,4947,true,香芹又青 李兰迪,香芹又青 李兰迪,560,11.0,GitHub Actions 自动抓取，已见票数
2026-07-14T18:14:02+08:00,493741132,10258668,4947,true,卖掉裤衩来上网李煜东,卖掉裤衩来上网李煜东,597,12.0,GitHub Actions 自动抓取，已见票数
2026-07-14T18:14:02+08:00,493741132,10258668,4947,true,FreiGeist成毅,FreiGeist成毅,288,6.0,GitHub Actions 自动抓取，已见票数
2026-07-14T18:14:02+08:00,493741132,10258668,4947,true,甜酱吃一口左航,甜酱吃一口左航,322,7.0,GitHub Actions 自动抓取，已见票数
2026-07-14T18:14:02+08:00,493741132,10258668,4947,true,生打青椰肖战,生打青椰肖战,463,9.0,GitHub Actions 自动抓取，已见票数
2026-07-14T18:14:02+08:00,493741132,10258668,4947,true,狐狸小狗陈思罕,狐狸小狗陈思罕,1533,31.0,GitHub Actions 自动抓取，已见票数
2026-07-14T18:14:02+08:00,493741132,10258668,4947,true,功夫豆浆左奇函,功夫豆浆左奇函,442,9.0,GitHub Actions 自动抓取，已见票数
2026-07-14T18:14:02+08:00,493741132,10258668,4947,true,momo王源,momo王源,640,13.0,GitHub Actions 自动抓取，已见票数
2026-07-14T18:21:33+08:00,493741132,10258668,5051,true,anna 刘耀文,anna 刘耀文,1569,31.0,GitHub Actions 自动抓取，已见票数
2026-07-14T18:21:33+08:00,493741132,10258668,5051,true,Mimi 张泽禹,Mimi 张泽禹,232,5.0,GitHub Actions 自动抓取，已见票数
2026-07-14T18:21:33+08:00,493741132,10258668,5051,true,牙雾笑主 陈浚铭,牙雾笑主 陈浚铭,1405,28.0,GitHub Actions 自动抓取，已见票数
2026-07-14T18:21:33+08:00,493741132,10258668,5051,true,杨梅饮 马嘉祺,杨梅饮 马嘉祺,1316,26.0,GitHub Actions 自动抓取，已见票数
2026-07-14T18:21:33+08:00,493741132,10258668,5051,true,章若楠 丁程鑫,章若楠 丁程鑫,1011,20.0,GitHub Actions 自动抓取，已见票数
2026-07-14T18:21:33+08:00,493741132,10258668,5051,true,Cd 冷却中贺峻霖,Cd 冷却中贺峻霖,814,16.0,GitHub Actions 自动抓取，已见票数
2026-07-14T18:21:33+08:00,493741132,10258668,5051,true,ahdkewn白敬亭,ahdkewn白敬亭,1589,31.0,GitHub Actions 自动抓取，已见票数
2026-07-14T18:21:33+08:00,493741132,10258668,5051,true,睡着了也困鞠婧祎,睡着了也困鞠婧祎,798,16.0,GitHub Actions 自动抓取，已见票数
2026-07-14T18:21:33+08:00,493741132,10258668,5051,true,芝麻酱饼张极,芝麻酱饼张极,560,11.0,GitHub Actions 自动抓取，已见票数
2026-07-14T18:21:33+08:00,493741132,10258668,5051,true,香芹又青 李兰迪,香芹又青 李兰迪,564,11.0,GitHub Actions 自动抓取，已见票数
2026-07-14T18:21:33+08:00,493741132,10258668,5051,true,卖掉裤衩来上网李煜东,卖掉裤衩来上网李煜东,600,12.0,GitHub Actions 自动抓取，已见票数
2026-07-14T18:21:33+08:00,493741132,10258668,5051,true,FreiGeist成毅,FreiGeist成毅,289,6.0,GitHub Actions 自动抓取，已见票数
2026-07-14T18:21:33+08:00,493741132,10258668,5051,true,甜酱吃一口左航,甜酱吃一口左航,323,6.0,GitHub Actions 自动抓取，已见票数
2026-07-14T18:21:33+08:00,493741132,10258668,5051,true,生打青椰肖战,生打青椰肖战,474,9.0,GitHub Actions 自动抓取，已见票数
2026-07-14T18:21:33+08:00,493741132,10258668,5051,true,狐狸小狗陈思罕,狐狸小狗陈思罕,1573,31.0,GitHub Actions 自动抓取，已见票数
2026-07-14T18:21:33+08:00,493741132,10258668,5051,true,功夫豆浆左奇函,功夫豆浆左奇函,442,9.0,GitHub Actions 自动抓取，已见票数
2026-07-14T18:21:33+08:00,493741132,10258668,5051,true,momo王源,momo王源,645,13.0,GitHub Actions 自动抓取，已见票数
2026-07-14T18:24:08+08:00,493741132,10258668,5091,true,anna 刘耀文,anna 刘耀文,1603,31.0,GitHub Actions 自动抓取，已见票数
2026-07-14T18:24:08+08:00,493741132,10258668,5091,true,Mimi 张泽禹,Mimi 张泽禹,232,5.0,GitHub Actions 自动抓取，已见票数
2026-07-14T18:24:08+08:00,493741132,10258668,5091,true,牙雾笑主 陈浚铭,牙雾笑主 陈浚铭,1432,28.0,GitHub Actions 自动抓取，已见票数
2026-07-14T18:24:08+08:00,493741132,10258668,5091,true,杨梅饮 马嘉祺,杨梅饮 马嘉祺,1349,26.0,GitHub Actions 自动抓取，已见票数
2026-07-14T18:24:08+08:00,493741132,10258668,5091,true,章若楠 丁程鑫,章若楠 丁程鑫,1037,20.0,GitHub Actions 自动抓取，已见票数
2026-07-14T18:24:08+08:00,493741132,10258668,5091,true,Cd 冷却中贺峻霖,Cd 冷却中贺峻霖,823,16.0,GitHub Actions 自动抓取，已见票数
2026-07-14T18:24:08+08:00,493741132,10258668,5091,true,ahdkewn白敬亭,ahdkewn白敬亭,1601,31.0,GitHub Actions 自动抓取，已见票数
2026-07-14T18:24:08+08:00,493741132,10258668,5091,true,睡着了也困鞠婧祎,睡着了也困鞠婧祎,799,16.0,GitHub Actions 自动抓取，已见票数
2026-07-14T18:24:08+08:00,493741132,10258668,5091,true,芝麻酱饼张极,芝麻酱饼张极,562,11.0,GitHub Actions 自动抓取，已见票数
2026-07-14T18:24:08+08:00,493741132,10258668,5091,true,香芹又青 李兰迪,香芹又青 李兰迪,565,11.0,GitHub Actions 自动抓取，已见票数
2026-07-14T18:24:08+08:00,493741132,10258668,5091,true,卖掉裤衩来上网李煜东,卖掉裤衩来上网李煜东,603,12.0,GitHub Actions 自动抓取，已见票数
2026-07-14T18:24:08+08:00,493741132,10258668,5091,true,FreiGeist成毅,FreiGeist成毅,289,6.0,GitHub Actions 自动抓取，已见票数
2026-07-14T18:24:08+08:00,493741132,10258668,5091,true,甜酱吃一口左航,甜酱吃一口左航,323,6.0,GitHub Actions 自动抓取，已见票数
2026-07-14T18:24:08+08:00,493741132,10258668,5091,true,生打青椰肖战,生打青椰肖战,475,9.0,GitHub Actions 自动抓取，已见票数
2026-07-14T18:24:08+08:00,493741132,10258668,5091,true,狐狸小狗陈思罕,狐狸小狗陈思罕,1585,31.0,GitHub Actions 自动抓取，已见票数
2026-07-14T18:24:08+08:00,493741132,10258668,5091,true,功夫豆浆左奇函,功夫豆浆左奇函,442,9.0,GitHub Actions 自动抓取，已见票数
2026-07-14T18:24:08+08:00,493741132,10258668,5091,true,momo王源,momo王源,646,13.0,GitHub Actions 自动抓取，已见票数
2026-07-14T18:34:07+08:00,493741132,10258668,5180,true,anna 刘耀文,anna 刘耀文,1669,32.0,GitHub Actions 自动抓取，已见票数
2026-07-14T18:34:07+08:00,493741132,10258668,5180,true,Mimi 张泽禹,Mimi 张泽禹,232,4.0,GitHub Actions 自动抓取，已见票数
2026-07-14T18:34:07+08:00,493741132,10258668,5180,true,牙雾笑主 陈浚铭,牙雾笑主 陈浚铭,1481,29.0,GitHub Actions 自动抓取，已见票数
2026-07-14T18:34:07+08:00,493741132,10258668,5180,true,杨梅饮 马嘉祺,杨梅饮 马嘉祺,1407,27.0,GitHub Actions 自动抓取，已见票数
2026-07-14T18:34:07+08:00,493741132,10258668,5180,true,章若楠 丁程鑫,章若楠 丁程鑫,1079,21.0,GitHub Actions 自动抓取，已见票数
2026-07-14T18:34:07+08:00,493741132,10258668,5180,true,Cd 冷却中贺峻霖,Cd 冷却中贺峻霖,850,16.0,GitHub Actions 自动抓取，已见票数
2026-07-14T18:34:07+08:00,493741132,10258668,5180,true,ahdkewn白敬亭,ahdkewn白敬亭,1634,32.0,GitHub Actions 自动抓取，已见票数
2026-07-14T18:34:07+08:00,493741132,10258668,5180,true,睡着了也困鞠婧祎,睡着了也困鞠婧祎,806,16.0,GitHub Actions 自动抓取，已见票数
2026-07-14T18:34:07+08:00,493741132,10258668,5180,true,芝麻酱饼张极,芝麻酱饼张极,569,11.0,GitHub Actions 自动抓取，已见票数
2026-07-14T18:34:07+08:00,493741132,10258668,5180,true,香芹又青 李兰迪,香芹又青 李兰迪,569,11.0,GitHub Actions 自动抓取，已见票数
2026-07-14T18:34:07+08:00,493741132,10258668,5180,true,卖掉裤衩来上网李煜东,卖掉裤衩来上网李煜东,612,12.0,GitHub Actions 自动抓取，已见票数
2026-07-14T18:34:07+08:00,493741132,10258668,5180,true,FreiGeist成毅,FreiGeist成毅,289,6.0,GitHub Actions 自动抓取，已见票数
2026-07-14T18:34:07+08:00,493741132,10258668,5180,true,甜酱吃一口左航,甜酱吃一口左航,325,6.0,GitHub Actions 自动抓取，已见票数
2026-07-14T18:34:07+08:00,493741132,10258668,5180,true,生打青椰肖战,生打青椰肖战,487,9.0,GitHub Actions 自动抓取，已见票数
2026-07-14T18:34:07+08:00,493741132,10258668,5180,true,狐狸小狗陈思罕,狐狸小狗陈思罕,1621,31.0,GitHub Actions 自动抓取，已见票数
2026-07-14T18:34:07+08:00,493741132,10258668,5180,true,功夫豆浆左奇函,功夫豆浆左奇函,445,9.0,GitHub Actions 自动抓取，已见票数
2026-07-14T18:34:07+08:00,493741132,10258668,5180,true,momo王源,momo王源,650,13.0,GitHub Actions 自动抓取，已见票数
2026-07-14T18:44:07+08:00,493741132,10258668,5233,true,anna 刘耀文,anna 刘耀文,1706,33.0,GitHub Actions 自动抓取，已见票数
2026-07-14T18:44:07+08:00,493741132,10258668,5233,true,Mimi 张泽禹,Mimi 张泽禹,232,4.0,GitHub Actions 自动抓取，已见票数
2026-07-14T18:44:07+08:00,493741132,10258668,5233,true,牙雾笑主 陈浚铭,牙雾笑主 陈浚铭,1506,29.0,GitHub Actions 自动抓取，已见票数
2026-07-14T18:44:07+08:00,493741132,10258668,5233,true,杨梅饮 马嘉祺,杨梅饮 马嘉祺,1437,27.0,GitHub Actions 自动抓取，已见票数
2026-07-14T18:44:07+08:00,493741132,10258668,5233,true,章若楠 丁程鑫,章若楠 丁程鑫,1101,21.0,GitHub Actions 自动抓取，已见票数
2026-07-14T18:44:07+08:00,493741132,10258668,5233,true,Cd 冷却中贺峻霖,Cd 冷却中贺峻霖,865,17.0,GitHub Actions 自动抓取，已见票数
2026-07-14T18:44:07+08:00,493741132,10258668,5233,true,ahdkewn白敬亭,ahdkewn白敬亭,1652,32.0,GitHub Actions 自动抓取，已见票数
2026-07-14T18:44:07+08:00,493741132,10258668,5233,true,睡着了也困鞠婧祎,睡着了也困鞠婧祎,814,16.0,GitHub Actions 自动抓取，已见票数
2026-07-14T18:44:07+08:00,493741132,10258668,5233,true,芝麻酱饼张极,芝麻酱饼张极,571,11.0,GitHub Actions 自动抓取，已见票数
2026-07-14T18:44:07+08:00,493741132,10258668,5233,true,香芹又青 李兰迪,香芹又青 李兰迪,575,11.0,GitHub Actions 自动抓取，已见票数
2026-07-14T18:44:07+08:00,493741132,10258668,5233,true,卖掉裤衩来上网李煜东,卖掉裤衩来上网李煜东,615,12.0,GitHub Actions 自动抓取，已见票数
2026-07-14T18:44:07+08:00,493741132,10258668,5233,true,FreiGeist成毅,FreiGeist成毅,292,6.0,GitHub Actions 自动抓取，已见票数
2026-07-14T18:44:07+08:00,493741132,10258668,5233,true,甜酱吃一口左航,甜酱吃一口左航,326,6.0,GitHub Actions 自动抓取，已见票数
2026-07-14T18:44:07+08:00,493741132,10258668,5233,true,生打青椰肖战,生打青椰肖战,499,10.0,GitHub Actions 自动抓取，已见票数
2026-07-14T18:44:07+08:00,493741132,10258668,5233,true,狐狸小狗陈思罕,狐狸小狗陈思罕,1635,31.0,GitHub Actions 自动抓取，已见票数
2026-07-14T18:44:07+08:00,493741132,10258668,5233,true,功夫豆浆左奇函,功夫豆浆左奇函,445,9.0,GitHub Actions 自动抓取，已见票数
2026-07-14T18:44:07+08:00,493741132,10258668,5233,true,momo王源,momo王源,653,12.0,GitHub Actions 自动抓取，已见票数
2026-07-14T18:54:17+08:00,493741132,10258668,5288,true,anna 刘耀文,anna 刘耀文,1744,33.0,GitHub Actions 自动抓取，已见票数
2026-07-14T18:54:17+08:00,493741132,10258668,5288,true,Mimi 张泽禹,Mimi 张泽禹,234,4.0,GitHub Actions 自动抓取，已见票数
2026-07-14T18:54:17+08:00,493741132,10258668,5288,true,牙雾笑主 陈浚铭,牙雾笑主 陈浚铭,1524,29.0,GitHub Actions 自动抓取，已见票数
2026-07-14T18:54:17+08:00,493741132,10258668,5288,true,杨梅饮 马嘉祺,杨梅饮 马嘉祺,1475,28.0,GitHub Actions 自动抓取，已见票数
2026-07-14T18:54:17+08:00,493741132,10258668,5288,true,章若楠 丁程鑫,章若楠 丁程鑫,1115,21.0,GitHub Actions 自动抓取，已见票数
2026-07-14T18:54:17+08:00,493741132,10258668,5288,true,Cd 冷却中贺峻霖,Cd 冷却中贺峻霖,894,17.0,GitHub Actions 自动抓取，已见票数
2026-07-14T18:54:17+08:00,493741132,10258668,5288,true,ahdkewn白敬亭,ahdkewn白敬亭,1680,32.0,GitHub Actions 自动抓取，已见票数
2026-07-14T18:54:17+08:00,493741132,10258668,5288,true,睡着了也困鞠婧祎,睡着了也困鞠婧祎,821,16.0,GitHub Actions 自动抓取，已见票数
2026-07-14T18:54:17+08:00,493741132,10258668,5288,true,芝麻酱饼张极,芝麻酱饼张极,576,11.0,GitHub Actions 自动抓取，已见票数
2026-07-14T18:54:17+08:00,493741132,10258668,5288,true,香芹又青 李兰迪,香芹又青 李兰迪,580,11.0,GitHub Actions 自动抓取，已见票数
2026-07-14T18:54:17+08:00,493741132,10258668,5288,true,卖掉裤衩来上网李煜东,卖掉裤衩来上网李煜东,619,12.0,GitHub Actions 自动抓取，已见票数
2026-07-14T18:54:17+08:00,493741132,10258668,5288,true,FreiGeist成毅,FreiGeist成毅,294,6.0,GitHub Actions 自动抓取，已见票数
2026-07-14T18:54:17+08:00,493741132,10258668,5288,true,甜酱吃一口左航,甜酱吃一口左航,329,6.0,GitHub Actions 自动抓取，已见票数
2026-07-14T18:54:17+08:00,493741132,10258668,5288,true,生打青椰肖战,生打青椰肖战,502,9.0,GitHub Actions 自动抓取，已见票数
2026-07-14T18:54:17+08:00,493741132,10258668,5288,true,狐狸小狗陈思罕,狐狸小狗陈思罕,1666,32.0,GitHub Actions 自动抓取，已见票数
2026-07-14T18:54:17+08:00,493741132,10258668,5288,true,功夫豆浆左奇函,功夫豆浆左奇函,448,8.0,GitHub Actions 自动抓取，已见票数
2026-07-14T18:54:17+08:00,493741132,10258668,5288,true,momo王源,momo王源,656,12.0,GitHub Actions 自动抓取，已见票数
2026-07-14T19:13:59+08:00,493741132,10258668,5672,true,anna 刘耀文,anna 刘耀文,1792,32.0,GitHub Actions 自动抓取，已见票数
2026-07-14T19:13:59+08:00,493741132,10258668,5672,true,Mimi 张泽禹,Mimi 张泽禹,239,4.0,GitHub Actions 自动抓取，已见票数
2026-07-14T19:13:59+08:00,493741132,10258668,5672,true,牙雾笑主 陈浚铭,牙雾笑主 陈浚铭,1751,31.0,GitHub Actions 自动抓取，已见票数
2026-07-14T19:13:59+08:00,493741132,10258668,5672,true,杨梅饮 马嘉祺,杨梅饮 马嘉祺,1516,27.0,GitHub Actions 自动抓取，已见票数
2026-07-14T19:13:59+08:00,493741132,10258668,5672,true,章若楠 丁程鑫,章若楠 丁程鑫,1299,23.0,GitHub Actions 自动抓取，已见票数
2026-07-14T19:13:59+08:00,493741132,10258668,5672,true,Cd 冷却中贺峻霖,Cd 冷却中贺峻霖,1109,20.0,GitHub Actions 自动抓取，已见票数
2026-07-14T19:13:59+08:00,493741132,10258668,5672,true,ahdkewn白敬亭,ahdkewn白敬亭,1944,34.0,GitHub Actions 自动抓取，已见票数
2026-07-14T19:13:59+08:00,493741132,10258668,5672,true,睡着了也困鞠婧祎,睡着了也困鞠婧祎,907,16.0,GitHub Actions 自动抓取，已见票数
2026-07-14T19:13:59+08:00,493741132,10258668,5672,true,芝麻酱饼张极,芝麻酱饼张极,677,12.0,GitHub Actions 自动抓取，已见票数
2026-07-14T19:13:59+08:00,493741132,10258668,5672,true,香芹又青 李兰迪,香芹又青 李兰迪,590,10.0,GitHub Actions 自动抓取，已见票数
2026-07-14T19:13:59+08:00,493741132,10258668,5672,true,卖掉裤衩来上网李煜东,卖掉裤衩来上网李煜东,765,13.0,GitHub Actions 自动抓取，已见票数
2026-07-14T19:13:59+08:00,493741132,10258668,5672,true,FreiGeist成毅,FreiGeist成毅,298,5.0,GitHub Actions 自动抓取，已见票数
2026-07-14T19:13:59+08:00,493741132,10258668,5672,true,甜酱吃一口左航,甜酱吃一口左航,335,6.0,GitHub Actions 自动抓取，已见票数
2026-07-14T19:13:59+08:00,493741132,10258668,5672,true,生打青椰肖战,生打青椰肖战,512,9.0,GitHub Actions 自动抓取，已见票数
2026-07-14T19:13:59+08:00,493741132,10258668,5672,true,狐狸小狗陈思罕,狐狸小狗陈思罕,1931,34.0,GitHub Actions 自动抓取，已见票数
2026-07-14T19:13:59+08:00,493741132,10258668,5672,true,功夫豆浆左奇函,功夫豆浆左奇函,616,11.0,GitHub Actions 自动抓取，已见票数
2026-07-14T19:13:59+08:00,493741132,10258668,5672,true,momo王源,momo王源,665,12.0,GitHub Actions 自动抓取，已见票数
2026-07-14T19:23:57+08:00,493741132,10258668,5871,true,anna 刘耀文,anna 刘耀文,1852,32.0,GitHub Actions 自动抓取，已见票数
2026-07-14T19:23:57+08:00,493741132,10258668,5871,true,Mimi 张泽禹,Mimi 张泽禹,239,4.0,GitHub Actions 自动抓取，已见票数
2026-07-14T19:23:57+08:00,493741132,10258668,5871,true,牙雾笑主 陈浚铭,牙雾笑主 陈浚铭,1850,32.0,GitHub Actions 自动抓取，已见票数
2026-07-14T19:23:57+08:00,493741132,10258668,5871,true,杨梅饮 马嘉祺,杨梅饮 马嘉祺,1577,27.0,GitHub Actions 自动抓取，已见票数
2026-07-14T19:23:57+08:00,493741132,10258668,5871,true,章若楠 丁程鑫,章若楠 丁程鑫,1388,24.0,GitHub Actions 自动抓取，已见票数
2026-07-14T19:23:57+08:00,493741132,10258668,5871,true,Cd 冷却中贺峻霖,Cd 冷却中贺峻霖,1223,21.0,GitHub Actions 自动抓取，已见票数
2026-07-14T19:23:57+08:00,493741132,10258668,5871,true,ahdkewn白敬亭,ahdkewn白敬亭,2100,36.0,GitHub Actions 自动抓取，已见票数
2026-07-14T19:23:57+08:00,493741132,10258668,5871,true,睡着了也困鞠婧祎,睡着了也困鞠婧祎,937,16.0,GitHub Actions 自动抓取，已见票数
2026-07-14T19:23:57+08:00,493741132,10258668,5871,true,芝麻酱饼张极,芝麻酱饼张极,711,12.0,GitHub Actions 自动抓取，已见票数
2026-07-14T19:23:57+08:00,493741132,10258668,5871,true,香芹又青 李兰迪,香芹又青 李兰迪,591,10.0,GitHub Actions 自动抓取，已见票数
2026-07-14T19:23:57+08:00,493741132,10258668,5871,true,卖掉裤衩来上网李煜东,卖掉裤衩来上网李煜东,841,14.0,GitHub Actions 自动抓取，已见票数
2026-07-14T19:23:57+08:00,493741132,10258668,5871,true,FreiGeist成毅,FreiGeist成毅,299,5.0,GitHub Actions 自动抓取，已见票数
2026-07-14T19:23:57+08:00,493741132,10258668,5871,true,甜酱吃一口左航,甜酱吃一口左航,336,6.0,GitHub Actions 自动抓取，已见票数
2026-07-14T19:23:57+08:00,493741132,10258668,5871,true,生打青椰肖战,生打青椰肖战,515,9.0,GitHub Actions 自动抓取，已见票数
2026-07-14T19:23:57+08:00,493741132,10258668,5871,true,狐狸小狗陈思罕,狐狸小狗陈思罕,2087,36.0,GitHub Actions 自动抓取，已见票数
2026-07-14T19:23:57+08:00,493741132,10258668,5871,true,功夫豆浆左奇函,功夫豆浆左奇函,673,11.0,GitHub Actions 自动抓取，已见票数
2026-07-14T19:23:57+08:00,493741132,10258668,5871,true,momo王源,momo王源,668,11.0,GitHub Actions 自动抓取，已见票数
2026-07-14T19:34:00+08:00,493741132,10258668,6102,true,anna 刘耀文,anna 刘耀文,1893,31.0,GitHub Actions 自动抓取，已见票数
2026-07-14T19:34:00+08:00,493741132,10258668,6102,true,Mimi 张泽禹,Mimi 张泽禹,240,4.0,GitHub Actions 自动抓取，已见票数
2026-07-14T19:34:00+08:00,493741132,10258668,6102,true,牙雾笑主 陈浚铭,牙雾笑主 陈浚铭,2013,33.0,GitHub Actions 自动抓取，已见票数
2026-07-14T19:34:00+08:00,493741132,10258668,6102,true,杨梅饮 马嘉祺,杨梅饮 马嘉祺,1613,26.0,GitHub Actions 自动抓取，已见票数
2026-07-14T19:34:00+08:00,493741132,10258668,6102,true,章若楠 丁程鑫,章若楠 丁程鑫,1539,25.0,GitHub Actions 自动抓取，已见票数
2026-07-14T19:34:00+08:00,493741132,10258668,6102,true,Cd 冷却中贺峻霖,Cd 冷却中贺峻霖,1304,21.0,GitHub Actions 自动抓取，已见票数
2026-07-14T19:34:00+08:00,493741132,10258668,6102,true,ahdkewn白敬亭,ahdkewn白敬亭,2213,36.0,GitHub Actions 自动抓取，已见票数
2026-07-14T19:34:00+08:00,493741132,10258668,6102,true,睡着了也困鞠婧祎,睡着了也困鞠婧祎,1025,17.0,GitHub Actions 自动抓取，已见票数
2026-07-14T19:34:00+08:00,493741132,10258668,6102,true,芝麻酱饼张极,芝麻酱饼张极,742,12.0,GitHub Actions 自动抓取，已见票数
2026-07-14T19:34:00+08:00,493741132,10258668,6102,true,香芹又青 李兰迪,香芹又青 李兰迪,591,10.0,GitHub Actions 自动抓取，已见票数
2026-07-14T19:34:00+08:00,493741132,10258668,6102,true,卖掉裤衩来上网李煜东,卖掉裤衩来上网李煜东,911,15.0,GitHub Actions 自动抓取，已见票数
2026-07-14T19:34:00+08:00,493741132,10258668,6102,true,FreiGeist成毅,FreiGeist成毅,299,5.0,GitHub Actions 自动抓取，已见票数
2026-07-14T19:34:00+08:00,493741132,10258668,6102,true,甜酱吃一口左航,甜酱吃一口左航,337,6.0,GitHub Actions 自动抓取，已见票数
2026-07-14T19:34:00+08:00,493741132,10258668,6102,true,生打青椰肖战,生打青椰肖战,520,9.0,GitHub Actions 自动抓取，已见票数
2026-07-14T19:34:00+08:00,493741132,10258668,6102,true,狐狸小狗陈思罕,狐狸小狗陈思罕,2202,36.0,GitHub Actions 自动抓取，已见票数
2026-07-14T19:34:00+08:00,493741132,10258668,6102,true,功夫豆浆左奇函,功夫豆浆左奇函,785,13.0,GitHub Actions 自动抓取，已见票数
2026-07-14T19:34:00+08:00,493741132,10258668,6102,true,momo王源,momo王源,670,11.0,GitHub Actions 自动抓取，已见票数
2026-07-14T19:43:59+08:00,493741132,10258668,6222,true,anna 刘耀文,anna 刘耀文,1917,31.0,GitHub Actions 自动抓取，已见票数
2026-07-14T19:43:59+08:00,493741132,10258668,6222,true,Mimi 张泽禹,Mimi 张泽禹,241,4.0,GitHub Actions 自动抓取，已见票数
2026-07-14T19:43:59+08:00,493741132,10258668,6222,true,牙雾笑主 陈浚铭,牙雾笑主 陈浚铭,2087,34.0,GitHub Actions 自动抓取，已见票数
2026-07-14T19:43:59+08:00,493741132,10258668,6222,true,杨梅饮 马嘉祺,杨梅饮 马嘉祺,1630,26.0,GitHub Actions 自动抓取，已见票数
2026-07-14T19:43:59+08:00,493741132,10258668,6222,true,章若楠 丁程鑫,章若楠 丁程鑫,1603,26.0,GitHub Actions 自动抓取，已见票数
2026-07-14T19:43:59+08:00,493741132,10258668,6222,true,Cd 冷却中贺峻霖,Cd 冷却中贺峻霖,1361,22.0,GitHub Actions 自动抓取，已见票数
2026-07-14T19:43:59+08:00,493741132,10258668,6222,true,ahdkewn白敬亭,ahdkewn白敬亭,2275,37.0,GitHub Actions 自动抓取，已见票数
2026-07-14T19:43:59+08:00,493741132,10258668,6222,true,睡着了也困鞠婧祎,睡着了也困鞠婧祎,1064,17.0,GitHub Actions 自动抓取，已见票数
2026-07-14T19:43:59+08:00,493741132,10258668,6222,true,芝麻酱饼张极,芝麻酱饼张极,764,12.0,GitHub Actions 自动抓取，已见票数
2026-07-14T19:43:59+08:00,493741132,10258668,6222,true,香芹又青 李兰迪,香芹又青 李兰迪,597,10.0,GitHub Actions 自动抓取，已见票数
2026-07-14T19:43:59+08:00,493741132,10258668,6222,true,卖掉裤衩来上网李煜东,卖掉裤衩来上网李煜东,943,15.0,GitHub Actions 自动抓取，已见票数
2026-07-14T19:43:59+08:00,493741132,10258668,6222,true,FreiGeist成毅,FreiGeist成毅,302,5.0,GitHub Actions 自动抓取，已见票数
2026-07-14T19:43:59+08:00,493741132,10258668,6222,true,甜酱吃一口左航,甜酱吃一口左航,341,5.0,GitHub Actions 自动抓取，已见票数
2026-07-14T19:43:59+08:00,493741132,10258668,6222,true,生打青椰肖战,生打青椰肖战,527,8.0,GitHub Actions 自动抓取，已见票数
2026-07-14T19:43:59+08:00,493741132,10258668,6222,true,狐狸小狗陈思罕,狐狸小狗陈思罕,2265,36.0,GitHub Actions 自动抓取，已见票数
2026-07-14T19:43:59+08:00,493741132,10258668,6222,true,功夫豆浆左奇函,功夫豆浆左奇函,840,14.0,GitHub Actions 自动抓取，已见票数
2026-07-14T19:43:59+08:00,493741132,10258668,6222,true,momo王源,momo王源,676,11.0,GitHub Actions 自动抓取，已见票数
2026-07-14T19:51:04+08:00,493741132,10258668,6297,true,anna 刘耀文,anna 刘耀文,1927,31.0,GitHub Actions 自动抓取，已见票数
2026-07-14T19:51:04+08:00,493741132,10258668,6297,true,Mimi 张泽禹,Mimi 张泽禹,242,4.0,GitHub Actions 自动抓取，已见票数
2026-07-14T19:51:04+08:00,493741132,10258668,6297,true,牙雾笑主 陈浚铭,牙雾笑主 陈浚铭,2139,34.0,GitHub Actions 自动抓取，已见票数
2026-07-14T19:51:04+08:00,493741132,10258668,6297,true,杨梅饮 马嘉祺,杨梅饮 马嘉祺,1635,26.0,GitHub Actions 自动抓取，已见票数
2026-07-14T19:51:04+08:00,493741132,10258668,6297,true,章若楠 丁程鑫,章若楠 丁程鑫,1651,26.0,GitHub Actions 自动抓取，已见票数
2026-07-14T19:51:04+08:00,493741132,10258668,6297,true,Cd 冷却中贺峻霖,Cd 冷却中贺峻霖,1389,22.0,GitHub Actions 自动抓取，已见票数
2026-07-14T19:51:04+08:00,493741132,10258668,6297,true,ahdkewn白敬亭,ahdkewn白敬亭,2313,37.0,GitHub Actions 自动抓取，已见票数
2026-07-14T19:51:04+08:00,493741132,10258668,6297,true,睡着了也困鞠婧祎,睡着了也困鞠婧祎,1097,17.0,GitHub Actions 自动抓取，已见票数
2026-07-14T19:51:04+08:00,493741132,10258668,6297,true,芝麻酱饼张极,芝麻酱饼张极,778,12.0,GitHub Actions 自动抓取，已见票数
2026-07-14T19:51:04+08:00,493741132,10258668,6297,true,香芹又青 李兰迪,香芹又青 李兰迪,598,9.0,GitHub Actions 自动抓取，已见票数
2026-07-14T19:51:04+08:00,493741132,10258668,6297,true,卖掉裤衩来上网李煜东,卖掉裤衩来上网李煜东,969,15.0,GitHub Actions 自动抓取，已见票数
2026-07-14T19:51:04+08:00,493741132,10258668,6297,true,FreiGeist成毅,FreiGeist成毅,302,5.0,GitHub Actions 自动抓取，已见票数
2026-07-14T19:51:04+08:00,493741132,10258668,6297,true,甜酱吃一口左航,甜酱吃一口左航,341,5.0,GitHub Actions 自动抓取，已见票数
2026-07-14T19:51:04+08:00,493741132,10258668,6297,true,生打青椰肖战,生打青椰肖战,533,8.0,GitHub Actions 自动抓取，已见票数
2026-07-14T19:51:04+08:00,493741132,10258668,6297,true,狐狸小狗陈思罕,狐狸小狗陈思罕,2303,37.0,GitHub Actions 自动抓取，已见票数
2026-07-14T19:51:04+08:00,493741132,10258668,6297,true,功夫豆浆左奇函,功夫豆浆左奇函,880,14.0,GitHub Actions 自动抓取，已见票数
2026-07-14T19:51:04+08:00,493741132,10258668,6297,true,momo王源,momo王源,677,11.0,GitHub Actions 自动抓取，已见票数
2026-07-14T19:54:01+08:00,493741132,10258668,6334,true,anna 刘耀文,anna 刘耀文,1930,30.0,GitHub Actions 自动抓取，已见票数
2026-07-14T19:54:01+08:00,493741132,10258668,6334,true,Mimi 张泽禹,Mimi 张泽禹,243,4.0,GitHub Actions 自动抓取，已见票数
2026-07-14T19:54:01+08:00,493741132,10258668,6334,true,牙雾笑主 陈浚铭,牙雾笑主 陈浚铭,2160,34.0,GitHub Actions 自动抓取，已见票数
2026-07-14T19:54:01+08:00,493741132,10258668,6334,true,杨梅饮 马嘉祺,杨梅饮 马嘉祺,1636,26.0,GitHub Actions 自动抓取，已见票数
2026-07-14T19:54:01+08:00,493741132,10258668,6334,true,章若楠 丁程鑫,章若楠 丁程鑫,1669,26.0,GitHub Actions 自动抓取，已见票数
2026-07-14T19:54:01+08:00,493741132,10258668,6334,true,Cd 冷却中贺峻霖,Cd 冷却中贺峻霖,1410,22.0,GitHub Actions 自动抓取，已见票数
2026-07-14T19:54:01+08:00,493741132,10258668,6334,true,ahdkewn白敬亭,ahdkewn白敬亭,2334,37.0,GitHub Actions 自动抓取，已见票数
2026-07-14T19:54:01+08:00,493741132,10258668,6334,true,睡着了也困鞠婧祎,睡着了也困鞠婧祎,1110,18.0,GitHub Actions 自动抓取，已见票数
2026-07-14T19:54:01+08:00,493741132,10258668,6334,true,芝麻酱饼张极,芝麻酱饼张极,789,12.0,GitHub Actions 自动抓取，已见票数
2026-07-14T19:54:01+08:00,493741132,10258668,6334,true,香芹又青 李兰迪,香芹又青 李兰迪,599,9.0,GitHub Actions 自动抓取，已见票数
2026-07-14T19:54:01+08:00,493741132,10258668,6334,true,卖掉裤衩来上网李煜东,卖掉裤衩来上网李煜东,980,15.0,GitHub Actions 自动抓取，已见票数
2026-07-14T19:54:01+08:00,493741132,10258668,6334,true,FreiGeist成毅,FreiGeist成毅,302,5.0,GitHub Actions 自动抓取，已见票数
2026-07-14T19:54:01+08:00,493741132,10258668,6334,true,甜酱吃一口左航,甜酱吃一口左航,342,5.0,GitHub Actions 自动抓取，已见票数
2026-07-14T19:54:01+08:00,493741132,10258668,6334,true,生打青椰肖战,生打青椰肖战,535,8.0,GitHub Actions 自动抓取，已见票数
2026-07-14T19:54:01+08:00,493741132,10258668,6334,true,狐狸小狗陈思罕,狐狸小狗陈思罕,2324,37.0,GitHub Actions 自动抓取，已见票数
2026-07-14T19:54:01+08:00,493741132,10258668,6334,true,功夫豆浆左奇函,功夫豆浆左奇函,902,14.0,GitHub Actions 自动抓取，已见票数
2026-07-14T19:54:01+08:00,493741132,10258668,6334,true,momo王源,momo王源,678,11.0,GitHub Actions 自动抓取，已见票数
2026-07-14T20:14:04+08:00,493741132,10258668,6502,true,anna 刘耀文,anna 刘耀文,1953,30.0,GitHub Actions 自动抓取，已见票数
2026-07-14T20:14:04+08:00,493741132,10258668,6502,true,Mimi 张泽禹,Mimi 张泽禹,245,4.0,GitHub Actions 自动抓取，已见票数
2026-07-14T20:14:04+08:00,493741132,10258668,6502,true,牙雾笑主 陈浚铭,牙雾笑主 陈浚铭,2259,35.0,GitHub Actions 自动抓取，已见票数
2026-07-14T20:14:04+08:00,493741132,10258668,6502,true,杨梅饮 马嘉祺,杨梅饮 马嘉祺,1652,25.0,GitHub Actions 自动抓取，已见票数
2026-07-14T20:14:04+08:00,493741132,10258668,6502,true,章若楠 丁程鑫,章若楠 丁程鑫,1753,27.0,GitHub Actions 自动抓取，已见票数
2026-07-14T20:14:04+08:00,493741132,10258668,6502,true,Cd 冷却中贺峻霖,Cd 冷却中贺峻霖,1469,23.0,GitHub Actions 自动抓取，已见票数
2026-07-14T20:14:04+08:00,493741132,10258668,6502,true,ahdkewn白敬亭,ahdkewn白敬亭,2429,37.0,GitHub Actions 自动抓取，已见票数
2026-07-14T20:14:04+08:00,493741132,10258668,6502,true,睡着了也困鞠婧祎,睡着了也困鞠婧祎,1147,18.0,GitHub Actions 自动抓取，已见票数
2026-07-14T20:14:04+08:00,493741132,10258668,6502,true,芝麻酱饼张极,芝麻酱饼张极,817,13.0,GitHub Actions 自动抓取，已见票数
2026-07-14T20:14:04+08:00,493741132,10258668,6502,true,香芹又青 李兰迪,香芹又青 李兰迪,603,9.0,GitHub Actions 自动抓取，已见票数
2026-07-14T20:14:04+08:00,493741132,10258668,6502,true,卖掉裤衩来上网李煜东,卖掉裤衩来上网李煜东,1049,16.0,GitHub Actions 自动抓取，已见票数
2026-07-14T20:14:04+08:00,493741132,10258668,6502,true,FreiGeist成毅,FreiGeist成毅,306,5.0,GitHub Actions 自动抓取，已见票数
2026-07-14T20:14:04+08:00,493741132,10258668,6502,true,甜酱吃一口左航,甜酱吃一口左航,342,5.0,GitHub Actions 自动抓取，已见票数
2026-07-14T20:14:04+08:00,493741132,10258668,6502,true,生打青椰肖战,生打青椰肖战,552,8.0,GitHub Actions 自动抓取，已见票数
2026-07-14T20:14:04+08:00,493741132,10258668,6502,true,狐狸小狗陈思罕,狐狸小狗陈思罕,2423,37.0,GitHub Actions 自动抓取，已见票数
2026-07-14T20:14:04+08:00,493741132,10258668,6502,true,功夫豆浆左奇函,功夫豆浆左奇函,957,15.0,GitHub Actions 自动抓取，已见票数
2026-07-14T20:14:04+08:00,493741132,10258668,6502,true,momo王源,momo王源,681,10.0,GitHub Actions 自动抓取，已见票数
2026-07-14T20:23:57+08:00,493741132,10258668,6692,true,anna 刘耀文,anna 刘耀文,1979,30.0,GitHub Actions 自动抓取，已见票数
2026-07-14T20:23:57+08:00,493741132,10258668,6692,true,Mimi 张泽禹,Mimi 张泽禹,244,4.0,GitHub Actions 自动抓取，已见票数
2026-07-14T20:23:57+08:00,493741132,10258668,6692,true,牙雾笑主 陈浚铭,牙雾笑主 陈浚铭,2319,35.0,GitHub Actions 自动抓取，已见票数
2026-07-14T20:23:57+08:00,493741132,10258668,6692,true,杨梅饮 马嘉祺,杨梅饮 马嘉祺,1659,25.0,GitHub Actions 自动抓取，已见票数
2026-07-14T20:23:57+08:00,493741132,10258668,6692,true,章若楠 丁程鑫,章若楠 丁程鑫,1792,27.0,GitHub Actions 自动抓取，已见票数
2026-07-14T20:23:57+08:00,493741132,10258668,6692,true,Cd 冷却中贺峻霖,Cd 冷却中贺峻霖,1600,24.0,GitHub Actions 自动抓取，已见票数
2026-07-14T20:23:57+08:00,493741132,10258668,6692,true,ahdkewn白敬亭,ahdkewn白敬亭,2582,39.0,GitHub Actions 自动抓取，已见票数
2026-07-14T20:23:57+08:00,493741132,10258668,6692,true,睡着了也困鞠婧祎,睡着了也困鞠婧祎,1158,17.0,GitHub Actions 自动抓取，已见票数
2026-07-14T20:23:57+08:00,493741132,10258668,6692,true,芝麻酱饼张极,芝麻酱饼张极,824,12.0,GitHub Actions 自动抓取，已见票数
2026-07-14T20:23:57+08:00,493741132,10258668,6692,true,香芹又青 李兰迪,香芹又青 李兰迪,607,9.0,GitHub Actions 自动抓取，已见票数
2026-07-14T20:23:57+08:00,493741132,10258668,6692,true,卖掉裤衩来上网李煜东,卖掉裤衩来上网李煜东,1105,17.0,GitHub Actions 自动抓取，已见票数
2026-07-14T20:23:57+08:00,493741132,10258668,6692,true,FreiGeist成毅,FreiGeist成毅,307,5.0,GitHub Actions 自动抓取，已见票数
2026-07-14T20:23:57+08:00,493741132,10258668,6692,true,甜酱吃一口左航,甜酱吃一口左航,339,5.0,GitHub Actions 自动抓取，已见票数
2026-07-14T20:23:57+08:00,493741132,10258668,6692,true,生打青椰肖战,生打青椰肖战,657,10.0,GitHub Actions 自动抓取，已见票数
2026-07-14T20:23:57+08:00,493741132,10258668,6692,true,狐狸小狗陈思罕,狐狸小狗陈思罕,2577,39.0,GitHub Actions 自动抓取，已见票数
2026-07-14T20:23:57+08:00,493741132,10258668,6692,true,功夫豆浆左奇函,功夫豆浆左奇函,1064,16.0,GitHub Actions 自动抓取，已见票数
2026-07-14T20:23:57+08:00,493741132,10258668,6692,true,momo王源,momo王源,684,10.0,GitHub Actions 自动抓取，已见票数
2026-07-14T20:34:06+08:00,493741132,10258668,6937,true,anna 刘耀文,anna 刘耀文,1988,29.0,GitHub Actions 自动抓取，已见票数
2026-07-14T20:34:06+08:00,493741132,10258668,6937,true,Mimi 张泽禹,Mimi 张泽禹,246,4.0,GitHub Actions 自动抓取，已见票数
2026-07-14T20:34:06+08:00,493741132,10258668,6937,true,牙雾笑主 陈浚铭,牙雾笑主 陈浚铭,2356,34.0,GitHub Actions 自动抓取，已见票数
2026-07-14T20:34:06+08:00,493741132,10258668,6937,true,杨梅饮 马嘉祺,杨梅饮 马嘉祺,1665,24.0,GitHub Actions 自动抓取，已见票数
2026-07-14T20:34:06+08:00,493741132,10258668,6937,true,章若楠 丁程鑫,章若楠 丁程鑫,1814,26.0,GitHub Actions 自动抓取，已见票数
2026-07-14T20:34:06+08:00,493741132,10258668,6937,true,Cd 冷却中贺峻霖,Cd 冷却中贺峻霖,1808,26.0,GitHub Actions 自动抓取，已见票数
2026-07-14T20:34:06+08:00,493741132,10258668,6937,true,ahdkewn白敬亭,ahdkewn白敬亭,2798,40.0,GitHub Actions 自动抓取，已见票数
2026-07-14T20:34:06+08:00,493741132,10258668,6937,true,睡着了也困鞠婧祎,睡着了也困鞠婧祎,1216,18.0,GitHub Actions 自动抓取，已见票数
2026-07-14T20:34:06+08:00,493741132,10258668,6937,true,芝麻酱饼张极,芝麻酱饼张极,939,14.0,GitHub Actions 自动抓取，已见票数
2026-07-14T20:34:06+08:00,493741132,10258668,6937,true,香芹又青 李兰迪,香芹又青 李兰迪,609,9.0,GitHub Actions 自动抓取，已见票数
2026-07-14T20:34:06+08:00,493741132,10258668,6937,true,卖掉裤衩来上网李煜东,卖掉裤衩来上网李煜东,1136,16.0,GitHub Actions 自动抓取，已见票数
2026-07-14T20:34:06+08:00,493741132,10258668,6937,true,FreiGeist成毅,FreiGeist成毅,309,4.0,GitHub Actions 自动抓取，已见票数
2026-07-14T20:34:06+08:00,493741132,10258668,6937,true,甜酱吃一口左航,甜酱吃一口左航,341,5.0,GitHub Actions 自动抓取，已见票数
2026-07-14T20:34:06+08:00,493741132,10258668,6937,true,生打青椰肖战,生打青椰肖战,682,10.0,GitHub Actions 自动抓取，已见票数
2026-07-14T20:34:06+08:00,493741132,10258668,6937,true,狐狸小狗陈思罕,狐狸小狗陈思罕,2785,40.0,GitHub Actions 自动抓取，已见票数
2026-07-14T20:34:06+08:00,493741132,10258668,6937,true,功夫豆浆左奇函,功夫豆浆左奇函,1249,18.0,GitHub Actions 自动抓取，已见票数
2026-07-14T20:34:06+08:00,493741132,10258668,6937,true,momo王源,momo王源,687,10.0,GitHub Actions 自动抓取，已见票数
2026-07-14T20:53:58+08:00,493741132,10258668,7258,true,anna 刘耀文,anna 刘耀文,2029,28.0,GitHub Actions 自动抓取，已见票数
2026-07-14T20:53:58+08:00,493741132,10258668,7258,true,Mimi 张泽禹,Mimi 张泽禹,249,3.0,GitHub Actions 自动抓取，已见票数
2026-07-14T20:53:58+08:00,493741132,10258668,7258,true,牙雾笑主 陈浚铭,牙雾笑主 陈浚铭,2393,33.0,GitHub Actions 自动抓取，已见票数
2026-07-14T20:53:58+08:00,493741132,10258668,7258,true,杨梅饮 马嘉祺,杨梅饮 马嘉祺,1670,23.0,GitHub Actions 自动抓取，已见票数
2026-07-14T20:53:58+08:00,493741132,10258668,7258,true,章若楠 丁程鑫,章若楠 丁程鑫,1839,25.0,GitHub Actions 自动抓取，已见票数
2026-07-14T20:53:58+08:00,493741132,10258668,7258,true,Cd 冷却中贺峻霖,Cd 冷却中贺峻霖,2074,29.0,GitHub Actions 自动抓取，已见票数
2026-07-14T20:53:58+08:00,493741132,10258668,7258,true,ahdkewn白敬亭,ahdkewn白敬亭,3074,42.0,GitHub Actions 自动抓取，已见票数
2026-07-14T20:53:58+08:00,493741132,10258668,7258,true,睡着了也困鞠婧祎,睡着了也困鞠婧祎,1277,18.0,GitHub Actions 自动抓取，已见票数
2026-07-14T20:53:58+08:00,493741132,10258668,7258,true,芝麻酱饼张极,芝麻酱饼张极,1030,14.0,GitHub Actions 自动抓取，已见票数
2026-07-14T20:53:58+08:00,493741132,10258668,7258,true,香芹又青 李兰迪,香芹又青 李兰迪,615,8.0,GitHub Actions 自动抓取，已见票数
2026-07-14T20:53:58+08:00,493741132,10258668,7258,true,卖掉裤衩来上网李煜东,卖掉裤衩来上网李煜东,1166,16.0,GitHub Actions 自动抓取，已见票数
2026-07-14T20:53:58+08:00,493741132,10258668,7258,true,FreiGeist成毅,FreiGeist成毅,310,4.0,GitHub Actions 自动抓取，已见票数
2026-07-14T20:53:58+08:00,493741132,10258668,7258,true,甜酱吃一口左航,甜酱吃一口左航,346,5.0,GitHub Actions 自动抓取，已见票数
2026-07-14T20:53:58+08:00,493741132,10258668,7258,true,生打青椰肖战,生打青椰肖战,802,11.0,GitHub Actions 自动抓取，已见票数
2026-07-14T20:53:58+08:00,493741132,10258668,7258,true,狐狸小狗陈思罕,狐狸小狗陈思罕,3059,42.0,GitHub Actions 自动抓取，已见票数
2026-07-14T20:53:58+08:00,493741132,10258668,7258,true,功夫豆浆左奇函,功夫豆浆左奇函,1482,20.0,GitHub Actions 自动抓取，已见票数
2026-07-14T20:53:58+08:00,493741132,10258668,7258,true,momo王源,momo王源,691,10.0,GitHub Actions 自动抓取，已见票数
